-- MySQL dump 10.13  Distrib 8.0.23, for Linux (x86_64)
--
-- Host: localhost    Database: vk
-- ------------------------------------------------------
-- Server version	8.0.23-0ubuntu0.20.04.1

/*!40101 SET @OLD_CHARACTER_SET_CLIENT=@@CHARACTER_SET_CLIENT */;
/*!40101 SET @OLD_CHARACTER_SET_RESULTS=@@CHARACTER_SET_RESULTS */;
/*!40101 SET @OLD_COLLATION_CONNECTION=@@COLLATION_CONNECTION */;
/*!50503 SET NAMES utf8mb4 */;
/*!40103 SET @OLD_TIME_ZONE=@@TIME_ZONE */;
/*!40103 SET TIME_ZONE='+00:00' */;
/*!40014 SET @OLD_UNIQUE_CHECKS=@@UNIQUE_CHECKS, UNIQUE_CHECKS=0 */;
/*!40014 SET @OLD_FOREIGN_KEY_CHECKS=@@FOREIGN_KEY_CHECKS, FOREIGN_KEY_CHECKS=0 */;
/*!40101 SET @OLD_SQL_MODE=@@SQL_MODE, SQL_MODE='NO_AUTO_VALUE_ON_ZERO' */;
/*!40111 SET @OLD_SQL_NOTES=@@SQL_NOTES, SQL_NOTES=0 */;

--
-- Table structure for table `communities`
--

DROP TABLE IF EXISTS `communities`;
/*!40101 SET @saved_cs_client     = @@character_set_client */;
/*!50503 SET character_set_client = utf8mb4 */;
CREATE TABLE `communities` (
  `id` int unsigned NOT NULL AUTO_INCREMENT COMMENT 'Идентификатор сроки',
  `name` varchar(150) CHARACTER SET utf8mb4 COLLATE utf8mb4_unicode_ci NOT NULL COMMENT 'Название группы',
  `created_at` datetime DEFAULT CURRENT_TIMESTAMP COMMENT 'Время создания строки',
  `updated_at` datetime DEFAULT CURRENT_TIMESTAMP ON UPDATE CURRENT_TIMESTAMP COMMENT 'Время обновления строки',
  PRIMARY KEY (`id`),
  UNIQUE KEY `name` (`name`)
) ENGINE=InnoDB AUTO_INCREMENT=121 DEFAULT CHARSET=utf8mb4 COLLATE=utf8mb4_unicode_ci COMMENT='Группы';
/*!40101 SET character_set_client = @saved_cs_client */;

--
-- Dumping data for table `communities`
--

LOCK TABLES `communities` WRITE;
/*!40000 ALTER TABLE `communities` DISABLE KEYS */;
INSERT INTO `communities` VALUES (1,'debitis','2010-04-15 12:40:30','2006-05-30 07:02:46'),(2,'aut','1990-03-17 18:34:49','1989-07-24 17:32:33'),(3,'molestiae','1976-12-21 15:08:59','1977-12-18 15:59:40'),(4,'qui','1982-02-16 09:03:02','1979-09-01 04:52:44'),(5,'amet','2005-09-26 11:31:13','2017-02-05 02:09:18'),(6,'temporibus','1973-01-28 22:41:56','1970-11-03 08:10:34'),(7,'deserunt','1974-12-16 12:48:36','2012-08-13 05:35:49'),(8,'voluptatem','1994-01-22 18:52:05','1997-11-11 08:36:03'),(9,'magni','1994-12-07 13:30:45','2007-07-06 05:47:09'),(10,'vitae','1997-03-21 13:54:56','2005-01-31 14:08:06'),(11,'et','1998-03-07 01:26:52','1983-12-14 05:44:26'),(12,'consequatur','2018-06-04 22:14:28','2001-04-11 06:17:44'),(13,'quidem','2001-01-08 12:37:00','1975-11-04 14:46:46'),(14,'cupiditate','1986-02-02 03:11:58','2000-05-20 05:39:17'),(15,'autem','2015-08-31 08:50:20','1989-02-10 18:23:47'),(16,'sunt','2002-03-21 05:52:35','2006-10-07 05:21:04'),(17,'at','1993-11-18 14:42:19','1992-10-27 21:51:58'),(18,'assumenda','1984-09-27 18:15:08','2003-06-22 19:24:56'),(19,'mollitia','2000-01-21 22:26:51','2014-08-06 11:29:50'),(20,'labore','1983-11-24 05:45:28','1971-04-03 02:44:38'),(21,'nemo','1985-03-24 00:49:19','2006-04-10 08:11:56'),(22,'sit','1980-06-19 19:18:40','1999-03-12 11:11:49'),(23,'quas','2016-12-07 04:38:54','1977-09-21 20:01:35'),(24,'illum','2013-09-24 07:22:31','1985-10-01 21:30:56'),(25,'incidunt','2011-07-18 10:41:40','2010-12-02 14:19:22'),(26,'omnis','1976-07-10 11:00:33','2009-09-08 17:26:19'),(27,'fugiat','1971-09-09 23:33:34','2007-10-15 05:37:11'),(28,'ut','2013-03-18 09:47:00','1980-09-04 00:23:46'),(29,'nisi','1974-10-19 13:21:56','2007-12-09 05:16:52'),(30,'ullam','2001-12-14 06:24:45','1980-08-30 21:36:59');
/*!40000 ALTER TABLE `communities` ENABLE KEYS */;
UNLOCK TABLES;

--
-- Table structure for table `communities_users`
--

DROP TABLE IF EXISTS `communities_users`;
/*!40101 SET @saved_cs_client     = @@character_set_client */;
/*!50503 SET character_set_client = utf8mb4 */;
CREATE TABLE `communities_users` (
  `community_id` int unsigned NOT NULL COMMENT 'Ссылка на группу',
  `user_id` int unsigned NOT NULL COMMENT 'Ссылка на пользователя',
  `created_at` datetime DEFAULT CURRENT_TIMESTAMP COMMENT 'Время создания строки',
  PRIMARY KEY (`community_id`,`user_id`) COMMENT 'Составной первичный ключ'
) ENGINE=InnoDB DEFAULT CHARSET=utf8mb4 COLLATE=utf8mb4_unicode_ci COMMENT='Участники групп, связь между пользователями и группами';
/*!40101 SET character_set_client = @saved_cs_client */;

--
-- Dumping data for table `communities_users`
--

LOCK TABLES `communities_users` WRITE;
/*!40000 ALTER TABLE `communities_users` DISABLE KEYS */;
/*!40000 ALTER TABLE `communities_users` ENABLE KEYS */;
UNLOCK TABLES;

--
-- Table structure for table `friendship`
--

DROP TABLE IF EXISTS `friendship`;
/*!40101 SET @saved_cs_client     = @@character_set_client */;
/*!50503 SET character_set_client = utf8mb4 */;
CREATE TABLE `friendship` (
  `user_id` int unsigned NOT NULL COMMENT 'Ссылка на инициатора дружеских отношений',
  `friend_id` int unsigned NOT NULL COMMENT 'Ссылка на получателя приглашения дружить',
  `friendship_status_id` int unsigned NOT NULL COMMENT 'Ссылка на статус (текущее состояние) отношений',
  `confirmed_at` datetime DEFAULT NULL COMMENT 'Время подтверждения приглашения',
  `created_at` datetime DEFAULT CURRENT_TIMESTAMP COMMENT 'Время создания строки',
  `updated_at` datetime DEFAULT CURRENT_TIMESTAMP ON UPDATE CURRENT_TIMESTAMP COMMENT 'Время обновления строки',
  PRIMARY KEY (`user_id`,`friend_id`) COMMENT 'Составной первичный ключ'
) ENGINE=InnoDB DEFAULT CHARSET=utf8mb4 COLLATE=utf8mb4_unicode_ci COMMENT='Таблица дружбы';
/*!40101 SET character_set_client = @saved_cs_client */;

--
-- Dumping data for table `friendship`
--

LOCK TABLES `friendship` WRITE;
/*!40000 ALTER TABLE `friendship` DISABLE KEYS */;
INSERT INTO `friendship` VALUES (1,2,2,'2013-07-24 12:51:44','1993-06-06 18:49:14','2021-04-22 17:01:20'),(2,3,3,'1979-07-31 15:58:04','1970-03-03 13:34:19','2021-04-22 17:01:20'),(3,4,1,'1988-01-23 18:59:16','2005-05-22 15:02:31','2021-04-22 17:01:20'),(4,5,3,'1986-04-05 01:34:58','1996-06-23 10:33:26','2021-04-22 17:01:20'),(5,6,3,'1979-06-16 02:20:53','2007-08-24 20:35:47','2021-04-22 17:01:20'),(6,7,2,'2016-06-07 16:15:41','2016-03-14 18:55:16','2021-04-22 17:01:20'),(7,8,2,'2010-02-06 20:20:38','1980-04-06 11:29:28','2021-04-22 17:01:20'),(8,9,2,'1975-06-08 16:17:34','1974-03-27 08:28:13','2021-04-22 17:01:20'),(9,10,1,'1981-04-09 23:44:38','1987-08-07 11:52:28','2021-04-22 17:01:20'),(10,11,1,'2019-12-20 21:18:32','2011-04-20 22:19:42','2021-04-22 17:01:20'),(11,12,3,'1988-06-19 02:00:01','1993-12-19 00:47:24','2021-04-22 17:01:20'),(12,13,3,'2004-07-20 06:53:19','2018-10-02 21:17:07','2021-04-22 17:01:20'),(13,14,2,'1982-04-25 23:34:15','1980-12-13 16:53:12','2021-04-22 17:01:20'),(14,15,3,'2016-08-25 14:30:58','2021-02-17 13:47:09','2021-04-22 17:01:20'),(15,16,1,'1973-01-22 20:57:13','1979-04-09 09:44:55','2021-04-22 17:01:20'),(16,17,2,'2003-07-16 15:46:18','2016-02-20 03:52:24','2021-04-22 17:01:20'),(17,18,1,'2000-12-31 03:41:07','2008-05-17 16:21:04','2021-04-22 17:01:20'),(18,19,3,'1978-11-08 04:57:54','2007-05-03 20:18:03','2021-04-22 17:01:20'),(19,20,1,'1973-07-16 02:00:01','1986-12-06 11:39:02','2021-04-22 17:01:20'),(20,21,1,'2016-03-25 07:49:26','1980-11-23 10:56:30','2021-04-22 17:01:20'),(21,22,2,'2005-03-26 05:45:45','1984-07-31 12:35:32','2021-04-22 17:01:20'),(22,23,3,'2003-10-06 09:02:45','2010-07-13 22:07:21','2021-04-22 17:01:20'),(23,24,2,'2012-02-13 01:46:13','2005-04-04 23:23:43','2021-04-22 17:01:20'),(24,25,2,'1982-11-30 19:49:44','1994-11-01 01:33:26','2021-04-22 17:01:20'),(25,26,2,'1972-06-07 13:14:40','1998-12-26 06:30:51','2021-04-22 17:01:20'),(26,27,3,'1982-10-06 19:32:11','1979-01-21 03:37:42','2021-04-22 17:01:20'),(27,28,3,'1985-12-12 02:10:47','1995-08-11 18:49:07','2021-04-22 16:59:41'),(28,29,3,'1998-12-03 23:05:42','2005-08-25 13:10:09','2021-04-22 17:01:20'),(29,30,2,'2011-10-04 09:53:46','2000-05-01 10:19:25','2021-04-22 17:01:20'),(30,31,3,'1992-03-18 12:58:51','1977-03-05 06:54:31','2021-04-22 17:01:20'),(31,32,2,'2016-11-15 10:46:45','1979-11-16 18:05:11','2021-04-22 17:01:20'),(32,33,2,'2007-03-22 19:49:21','1987-06-04 22:06:32','2021-04-22 17:01:20'),(33,34,2,'1980-06-23 09:57:06','2015-04-27 16:09:56','2021-04-22 17:01:20'),(34,35,1,'2002-12-12 12:12:39','2013-07-14 22:11:46','2021-04-22 17:01:20'),(35,36,1,'1994-04-30 05:36:07','2012-11-26 21:19:27','2021-04-22 17:01:20'),(36,37,1,'1970-10-29 06:55:14','2004-05-03 07:48:14','2021-04-22 17:01:20'),(37,38,1,'1997-01-19 15:08:23','1979-05-28 11:26:33','2021-04-22 16:59:41'),(38,39,3,'1987-10-21 17:11:38','2006-10-02 18:58:01','2021-04-22 17:01:20'),(39,40,1,'2012-12-14 11:35:27','1983-06-10 22:57:44','2021-04-22 17:01:20'),(40,41,1,'1998-09-18 02:59:22','1993-08-25 06:58:52','2021-04-22 17:01:20'),(41,42,2,'2000-04-13 11:57:14','1973-08-28 00:00:13','2021-04-22 17:01:20'),(42,43,1,'2013-06-10 06:12:46','1970-09-09 12:28:52','2021-04-22 17:01:20'),(43,44,1,'2005-07-12 11:47:59','1999-09-18 09:57:07','2021-04-22 17:01:20'),(44,45,1,'1976-01-17 09:53:04','2009-03-11 15:03:32','2021-04-22 17:01:20'),(45,46,1,'2008-07-26 14:03:03','1994-07-09 16:08:57','2021-04-22 17:01:20'),(46,47,1,'1989-12-12 05:58:42','1973-11-21 23:32:27','2021-04-22 17:01:20'),(47,48,3,'2011-03-26 06:52:01','1971-09-04 00:44:07','2021-04-22 17:01:20'),(48,49,1,'1985-11-02 15:38:17','1973-10-19 08:21:44','2021-04-22 17:01:20'),(49,50,3,'2007-07-28 18:22:04','1970-12-24 14:45:05','2021-04-22 17:01:20'),(50,51,2,'1974-03-17 22:22:31','1990-09-24 18:03:52','2021-04-22 16:59:41'),(51,52,2,'1970-12-03 20:35:58','2012-11-15 14:52:09','2021-04-22 17:01:20'),(52,53,1,'1999-03-23 18:52:51','1990-11-27 22:28:31','2021-04-22 17:01:20'),(53,54,1,'1976-08-03 18:00:03','1998-03-14 05:52:46','2021-04-22 17:01:20'),(54,55,2,'1991-09-05 04:27:47','1972-06-20 19:32:20','2021-04-22 17:01:20'),(55,56,2,'2000-03-24 11:50:00','2003-08-25 11:30:10','2021-04-22 17:01:20'),(56,57,2,'1980-01-13 01:06:36','2011-07-19 14:54:11','2021-04-22 17:01:20'),(57,58,1,'2002-01-02 01:14:22','1995-07-11 01:08:50','2021-04-22 17:01:20'),(58,59,2,'1975-05-15 09:07:13','1989-11-12 20:05:20','2021-04-22 17:01:20'),(59,60,1,'1994-09-01 01:18:08','1971-03-25 03:02:35','2021-04-22 17:01:20'),(60,61,1,'2019-01-04 17:50:37','2018-12-26 13:29:57','2021-04-22 17:01:20'),(61,62,1,'2012-11-19 07:11:40','2001-03-20 00:23:40','2021-04-22 16:59:41'),(62,63,2,'2019-04-19 10:08:13','2004-04-03 21:48:18','2021-04-22 16:59:41'),(63,64,1,'2016-05-03 13:42:25','1987-12-04 09:43:37','2021-04-22 17:01:20'),(64,65,3,'1983-05-21 17:14:44','1996-03-11 19:23:37','2021-04-22 17:01:20'),(65,66,3,'1980-10-20 02:55:36','2002-04-30 21:11:22','2021-04-22 17:01:20'),(66,67,2,'2018-11-24 11:28:04','1998-08-30 07:24:46','2021-04-22 17:01:20'),(67,68,2,'1975-10-26 06:34:45','2011-05-28 11:02:22','2021-04-22 17:01:20'),(68,69,3,'1992-05-28 07:13:43','2009-12-15 16:36:58','2021-04-22 17:01:20'),(69,70,1,'2016-07-24 04:04:55','1997-07-05 17:36:29','2021-04-22 17:01:20'),(70,71,1,'2004-04-07 04:53:25','1995-11-17 15:13:42','2021-04-22 17:01:20'),(71,72,3,'1990-06-05 14:23:47','1983-06-21 17:22:22','2021-04-22 17:01:20'),(72,73,3,'1986-03-19 10:00:31','2017-01-18 21:00:24','2021-04-22 17:01:20'),(73,74,1,'2019-08-23 03:58:25','1984-07-31 04:49:01','2021-04-22 16:59:41'),(74,75,2,'1971-03-21 19:55:59','1982-06-21 22:35:22','2021-04-22 16:59:41'),(75,76,2,'2006-07-26 18:25:56','1985-05-23 20:37:50','2021-04-22 17:01:20'),(76,77,1,'2006-07-24 05:16:10','2018-11-04 00:25:00','2021-04-22 17:01:20'),(77,78,3,'1996-03-18 18:14:55','1970-09-06 21:38:30','2021-04-22 17:01:20'),(78,79,2,'1999-05-03 20:12:11','1984-10-02 12:25:47','2021-04-22 17:01:20'),(79,80,3,'2008-01-26 13:30:23','1970-04-09 11:01:03','2021-04-22 17:01:20'),(80,81,2,'2004-01-27 03:53:46','1982-08-30 07:03:41','2021-04-22 17:01:20'),(81,82,3,'1993-03-02 00:11:19','1989-03-01 21:39:45','2021-04-22 17:01:20'),(82,83,3,'1978-03-08 14:22:11','1992-08-17 13:29:02','2021-04-22 17:01:20'),(83,84,1,'1988-01-24 06:44:08','1975-03-09 04:21:05','2021-04-22 17:01:20'),(84,85,2,'2001-11-12 14:58:58','2006-08-01 12:59:59','2021-04-22 17:01:20'),(85,86,3,'1975-08-28 10:09:44','2011-04-22 19:10:07','2021-04-22 17:01:20'),(86,87,2,'1999-06-01 23:18:21','1995-08-28 13:29:57','2021-04-22 16:59:41'),(87,88,3,'2000-06-09 19:28:49','1995-09-21 05:57:58','2021-04-22 16:59:41'),(88,89,1,'1988-06-14 11:02:47','1978-07-02 02:21:17','2021-04-22 17:01:20'),(89,90,3,'2000-05-30 08:02:53','2005-02-24 12:24:27','2021-04-22 17:01:20'),(90,91,1,'2015-07-13 02:20:56','2010-08-30 06:35:15','2021-04-22 17:01:20'),(91,92,3,'1982-09-12 09:58:24','2001-04-20 09:49:09','2021-04-22 17:01:20'),(92,93,2,'2017-09-21 14:35:26','2010-02-03 19:45:05','2021-04-22 17:01:20'),(93,94,2,'2001-05-29 07:13:26','2005-03-24 07:37:06','2021-04-22 17:01:20'),(94,95,1,'1995-08-18 22:04:37','2009-09-22 22:49:47','2021-04-22 17:01:20'),(95,96,3,'2020-11-10 22:49:52','1998-06-29 09:13:46','2021-04-22 17:01:20'),(96,97,1,'2020-07-26 01:18:55','2020-08-24 10:28:44','2021-04-22 17:01:20'),(97,98,1,'1992-01-11 18:58:50','1975-08-26 20:46:58','2021-04-22 16:59:41'),(98,99,2,'1997-09-20 23:55:22','2016-10-19 23:31:55','2021-04-22 16:59:41'),(99,100,3,'1972-12-30 07:15:29','2008-11-09 14:39:51','2021-04-22 16:59:41'),(100,101,3,'2002-12-16 03:03:03','2013-04-04 06:26:49','2021-04-22 17:01:20');
/*!40000 ALTER TABLE `friendship` ENABLE KEYS */;
UNLOCK TABLES;

--
-- Table structure for table `friendship_statuses`
--

DROP TABLE IF EXISTS `friendship_statuses`;
/*!40101 SET @saved_cs_client     = @@character_set_client */;
/*!50503 SET character_set_client = utf8mb4 */;
CREATE TABLE `friendship_statuses` (
  `id` int unsigned NOT NULL AUTO_INCREMENT COMMENT 'Идентификатор строки',
  `name` varchar(150) CHARACTER SET utf8mb4 COLLATE utf8mb4_unicode_ci NOT NULL COMMENT 'Название статуса',
  `created_at` datetime DEFAULT CURRENT_TIMESTAMP COMMENT 'Время создания строки',
  `updated_at` datetime DEFAULT CURRENT_TIMESTAMP ON UPDATE CURRENT_TIMESTAMP COMMENT 'Время обновления строки',
  PRIMARY KEY (`id`),
  UNIQUE KEY `name` (`name`)
) ENGINE=InnoDB AUTO_INCREMENT=4 DEFAULT CHARSET=utf8mb4 COLLATE=utf8mb4_unicode_ci COMMENT='Статусы дружбы';
/*!40101 SET character_set_client = @saved_cs_client */;

--
-- Dumping data for table `friendship_statuses`
--

LOCK TABLES `friendship_statuses` WRITE;
/*!40000 ALTER TABLE `friendship_statuses` DISABLE KEYS */;
INSERT INTO `friendship_statuses` VALUES (1,'Requested','2021-04-22 17:00:48','2021-04-22 17:00:48'),(2,'Confirmed','2021-04-22 17:00:48','2021-04-22 17:00:48'),(3,'Rejected','2021-04-22 17:00:48','2021-04-22 17:00:48');
/*!40000 ALTER TABLE `friendship_statuses` ENABLE KEYS */;
UNLOCK TABLES;

--
-- Table structure for table `likes`
--

DROP TABLE IF EXISTS `likes`;
/*!40101 SET @saved_cs_client     = @@character_set_client */;
/*!50503 SET character_set_client = utf8mb4 */;
CREATE TABLE `likes` (
  `id` bigint unsigned NOT NULL AUTO_INCREMENT,
  `user_id` int unsigned DEFAULT NULL,
  `post_id` bigint unsigned DEFAULT NULL,
  `like_type` enum('like','dislike') DEFAULT NULL,
  PRIMARY KEY (`id`),
  UNIQUE KEY `id` (`id`),
  KEY `likes_post` (`post_id`),
  KEY `likes_user` (`user_id`),
  CONSTRAINT `likes_ibfk_1` FOREIGN KEY (`user_id`) REFERENCES `users` (`id`),
  CONSTRAINT `likes_ibfk_2` FOREIGN KEY (`post_id`) REFERENCES `posts` (`id`)
) ENGINE=InnoDB AUTO_INCREMENT=51 DEFAULT CHARSET=utf8mb4 COLLATE=utf8mb4_0900_ai_ci;
/*!40101 SET character_set_client = @saved_cs_client */;

--
-- Dumping data for table `likes`
--

LOCK TABLES `likes` WRITE;
/*!40000 ALTER TABLE `likes` DISABLE KEYS */;
INSERT INTO `likes` VALUES (1,53,11,'like'),(2,53,10,'like'),(3,53,12,'like'),(4,53,14,'dislike'),(5,53,20,'like'),(6,54,11,'like'),(7,54,10,'like'),(8,54,12,'like'),(9,54,14,'like'),(10,54,20,'like'),(11,5,11,'like'),(12,5,10,'dislike'),(13,5,12,'like'),(14,5,14,'like'),(15,5,20,'like'),(16,6,11,'like'),(17,3,10,'like'),(18,1,12,'dislike'),(19,23,14,'like'),(20,55,20,'like'),(21,56,11,'like'),(22,12,10,'like'),(23,76,12,'dislike'),(24,76,14,'like'),(25,87,20,'dislike'),(26,12,21,'like'),(27,12,31,'like'),(28,12,80,'like'),(29,12,76,'like'),(30,12,51,'like'),(31,14,21,'like'),(32,14,31,'dislike'),(33,14,80,'like'),(34,14,76,'like'),(35,14,51,'dislike'),(36,25,21,'like'),(37,25,31,'like'),(38,25,80,'like'),(39,25,76,'like'),(40,25,51,'like'),(41,99,21,'like'),(42,99,31,'like'),(43,99,80,'like'),(44,99,76,'dislike'),(45,99,51,'like'),(46,19,21,'like'),(47,18,31,'like'),(48,19,80,'like'),(49,19,76,'like'),(50,19,51,'dislike');
/*!40000 ALTER TABLE `likes` ENABLE KEYS */;
UNLOCK TABLES;

--
-- Table structure for table `media`
--

DROP TABLE IF EXISTS `media`;
/*!40101 SET @saved_cs_client     = @@character_set_client */;
/*!50503 SET character_set_client = utf8mb4 */;
CREATE TABLE `media` (
  `id` int unsigned NOT NULL AUTO_INCREMENT COMMENT 'Идентификатор строки',
  `user_id` int unsigned NOT NULL COMMENT 'Ссылка на пользователя, который загрузил файл',
  `filename` varchar(255) CHARACTER SET utf8mb4 COLLATE utf8mb4_unicode_ci NOT NULL COMMENT 'Путь к файлу',
  `size` int NOT NULL COMMENT 'Размер файла',
  `metadata` json DEFAULT NULL,
  `media_type_id` int unsigned NOT NULL COMMENT 'Ссылка на тип контента',
  `created_at` datetime DEFAULT CURRENT_TIMESTAMP COMMENT 'Время создания строки',
  `updated_at` datetime DEFAULT CURRENT_TIMESTAMP ON UPDATE CURRENT_TIMESTAMP COMMENT 'Время обновления строки',
  PRIMARY KEY (`id`),
  CONSTRAINT `media_chk_1` CHECK (json_valid(`metadata`))
) ENGINE=InnoDB AUTO_INCREMENT=111 DEFAULT CHARSET=utf8mb4 COLLATE=utf8mb4_unicode_ci COMMENT='Медиафайлы';
/*!40101 SET character_set_client = @saved_cs_client */;

--
-- Dumping data for table `media`
--

LOCK TABLES `media` WRITE;
/*!40000 ALTER TABLE `media` DISABLE KEYS */;
INSERT INTO `media` VALUES (1,44,'quas',578185872,NULL,2,'1976-10-10 18:12:18','2021-04-22 16:58:37'),(2,78,'voluptatem',207,NULL,2,'2002-02-19 01:39:30','2021-04-22 16:47:37'),(3,59,'quas',33936753,NULL,3,'2002-04-30 21:09:24','2021-04-22 16:47:37'),(4,60,'sed',8505,NULL,3,'1986-09-29 19:51:35','2021-04-22 16:58:37'),(5,22,'aperiam',684,NULL,1,'2015-06-07 00:03:47','2021-04-22 16:58:37'),(6,28,'totam',1601124,NULL,2,'1977-07-20 19:08:03','2021-04-22 16:58:37'),(7,76,'tenetur',295411020,NULL,2,'2006-09-12 06:14:37','2021-04-22 16:58:37'),(8,97,'aliquam',82,NULL,2,'1985-08-19 16:57:24','2021-04-22 16:58:37'),(9,53,'blanditiis',158028,NULL,3,'1977-05-09 04:17:52','2021-04-22 16:58:37'),(10,74,'consequatur',19,NULL,2,'1977-08-23 18:28:18','2021-04-22 16:58:37'),(11,12,'iste',2,NULL,3,'1976-10-03 04:20:45','2021-04-22 16:58:37'),(12,35,'unde',40010,NULL,3,'1971-01-30 21:51:05','2021-04-22 16:58:37'),(13,41,'ex',387935932,NULL,1,'1970-04-05 00:38:24','2021-04-22 16:58:37'),(14,100,'quae',71,NULL,1,'1995-03-01 23:13:26','2021-04-22 16:58:37'),(15,75,'eos',77948,NULL,3,'2020-11-05 19:10:14','2021-04-22 16:58:37'),(16,73,'fugiat',562,NULL,1,'1995-05-11 03:59:26','2021-04-22 16:58:37'),(17,43,'suscipit',20996341,NULL,3,'2016-09-05 05:51:20','2021-04-22 16:58:37'),(18,92,'quidem',592299571,NULL,1,'2011-09-07 08:03:31','2021-04-22 16:58:37'),(19,31,'et',27425,NULL,1,'1971-09-23 02:23:12','2021-04-22 16:58:37'),(20,81,'consequatur',46154737,NULL,3,'1979-02-19 06:47:35','2021-04-22 16:58:37'),(21,9,'quia',657673905,NULL,2,'1993-03-28 02:28:08','2021-04-22 16:58:37'),(22,2,'ratione',33505,NULL,3,'1980-08-19 06:00:50','2021-04-22 16:58:37'),(23,81,'reiciendis',9503,NULL,1,'1991-03-07 01:57:04','2021-04-22 16:58:37'),(24,1,'qui',170,NULL,3,'2001-12-09 20:47:35','2021-04-22 16:58:37'),(25,59,'qui',49720,NULL,2,'2011-05-13 12:45:10','2021-04-22 16:58:37'),(26,92,'magni',86254,NULL,1,'1970-01-01 17:53:54','2021-04-22 16:58:37'),(27,83,'non',89178581,NULL,2,'1981-06-07 23:11:16','2021-04-22 16:58:37'),(28,39,'dicta',838079606,NULL,3,'1998-09-02 02:06:50','2021-04-22 16:58:37'),(29,44,'porro',1692,NULL,2,'2017-11-07 22:45:30','2021-04-22 16:58:37'),(30,3,'autem',66485643,NULL,3,'2002-07-01 18:45:50','2021-04-22 16:58:37'),(31,83,'quia',62902632,NULL,3,'2010-10-13 04:45:59','2021-04-22 16:58:37'),(32,4,'voluptatum',314121294,NULL,1,'2011-11-24 23:15:59','2021-04-22 16:58:37'),(33,70,'sit',10,NULL,3,'1994-03-01 00:26:37','2021-04-22 16:47:37'),(34,41,'magnam',286,NULL,1,'2014-04-14 07:42:33','2021-04-22 16:58:37'),(35,91,'accusamus',78290,NULL,3,'2007-03-18 07:28:03','2021-04-22 16:58:37'),(36,31,'vero',4933,NULL,1,'1970-09-09 23:14:14','2021-04-22 16:58:37'),(37,83,'voluptatem',9313,NULL,2,'1973-10-13 14:24:25','2021-04-22 16:58:37'),(38,22,'iusto',71549,NULL,1,'2011-01-19 01:25:52','2021-04-22 16:58:37'),(39,59,'error',4871,NULL,3,'2016-01-09 11:06:17','2021-04-22 16:58:37'),(40,29,'optio',32,NULL,3,'1995-11-11 10:31:12','2021-04-22 16:58:37'),(41,69,'enim',745635,NULL,2,'2004-07-27 06:00:43','2021-04-22 16:58:37'),(42,55,'veniam',62,NULL,2,'1993-01-18 09:03:06','2021-04-22 16:58:37'),(43,70,'dignissimos',127835,NULL,1,'2018-07-07 06:40:11','2021-04-22 16:58:37'),(44,84,'expedita',53144,NULL,2,'1998-07-09 17:52:27','2021-04-22 16:58:37'),(45,7,'repellat',5,NULL,3,'2003-08-23 23:05:37','2021-04-22 16:58:37'),(46,85,'et',6063754,NULL,3,'2005-02-02 17:08:39','2021-04-22 16:58:37'),(47,3,'autem',4906,NULL,1,'1991-11-24 12:34:04','2021-04-22 16:58:37'),(48,60,'nemo',552,NULL,3,'2016-07-04 12:13:50','2021-04-22 16:58:37'),(49,92,'labore',16,NULL,1,'2002-07-01 23:45:03','2021-04-22 16:58:37'),(50,79,'ut',737,NULL,3,'2003-05-12 22:41:31','2021-04-22 16:58:37'),(51,16,'a',9,NULL,1,'1982-10-22 06:18:28','2021-04-22 16:58:37'),(52,43,'quibusdam',8408685,NULL,3,'1983-03-03 18:42:38','2021-04-22 16:58:37'),(53,68,'minima',119,NULL,3,'1976-05-05 06:27:20','2021-04-22 16:58:37'),(54,10,'magnam',249980,NULL,1,'1999-11-29 12:43:04','2021-04-22 16:58:37'),(55,45,'eum',99523173,NULL,3,'2011-04-19 07:53:39','2021-04-22 16:58:37'),(56,96,'quasi',479,NULL,3,'1976-10-21 04:34:39','2021-04-22 16:58:37'),(57,42,'aliquam',2217,NULL,3,'2005-04-11 11:38:22','2021-04-22 16:58:37'),(58,24,'rerum',486093103,NULL,2,'1992-11-11 13:16:48','2021-04-22 16:58:37'),(59,92,'dolor',75,NULL,1,'1978-12-24 04:55:47','2021-04-22 16:58:37'),(60,89,'est',6552530,NULL,2,'1984-10-13 17:55:56','2021-04-22 16:58:37'),(61,69,'ex',611024083,NULL,2,'2007-03-01 12:10:37','2021-04-22 16:58:37'),(62,75,'delectus',6,NULL,3,'1972-01-09 03:38:21','2021-04-22 16:58:37'),(63,68,'sed',666759,NULL,1,'2009-12-08 02:59:46','2021-04-22 16:58:37'),(64,16,'fugit',4693247,NULL,3,'1996-04-05 01:04:11','2021-04-22 16:58:37'),(65,76,'magnam',0,NULL,1,'1976-10-30 14:21:16','2021-04-22 16:58:37'),(66,33,'quo',69,NULL,1,'2007-04-29 04:30:58','2021-04-22 16:58:37'),(67,34,'placeat',669935461,NULL,3,'2015-12-19 05:40:37','2021-04-22 16:58:37'),(68,71,'optio',5,NULL,3,'2010-12-13 19:48:22','2021-04-22 16:58:37'),(69,51,'molestiae',76,NULL,2,'2002-05-10 08:14:05','2021-04-22 16:58:37'),(70,43,'et',0,NULL,2,'2013-02-25 09:25:44','2021-04-22 16:58:37'),(71,62,'qui',2,NULL,2,'1988-09-18 14:07:09','2021-04-22 16:58:37'),(72,80,'labore',0,NULL,2,'1996-01-27 09:49:17','2021-04-22 16:58:37'),(73,14,'voluptas',0,NULL,2,'2014-07-06 04:12:33','2021-04-22 16:58:37'),(74,28,'saepe',34600580,NULL,1,'1985-12-07 03:42:53','2021-04-22 16:58:37'),(75,97,'aut',9,NULL,1,'2018-02-19 17:49:37','2021-04-22 16:58:37'),(76,1,'praesentium',3025225,NULL,1,'1997-12-23 22:24:29','2021-04-22 16:58:37'),(77,12,'quia',487,NULL,3,'1986-07-30 04:39:12','2021-04-22 16:58:37'),(78,57,'et',6991099,NULL,3,'1978-11-30 08:43:27','2021-04-22 16:58:37'),(79,48,'maxime',8,NULL,3,'1998-10-11 06:36:15','2021-04-22 16:58:37'),(80,69,'enim',956153,NULL,2,'1992-07-09 14:51:26','2021-04-22 16:58:37'),(81,2,'ullam',96028,NULL,3,'1984-09-27 11:01:03','2021-04-22 16:58:37'),(82,2,'culpa',63,NULL,2,'1974-12-18 05:20:45','2021-04-22 16:58:37'),(83,5,'deleniti',128379893,NULL,2,'1997-12-16 05:18:52','2021-04-22 16:58:37'),(84,17,'consequatur',37319,NULL,3,'1989-12-11 04:03:47','2021-04-22 16:58:37'),(85,70,'voluptate',865697979,NULL,2,'1996-07-19 18:10:43','2021-04-22 16:58:37'),(86,96,'placeat',2,NULL,2,'2005-04-15 00:56:22','2021-04-22 16:58:37'),(87,73,'quia',31318424,NULL,3,'1990-11-25 04:42:55','2021-04-22 16:58:37'),(88,74,'voluptas',399535146,NULL,2,'1995-07-05 13:36:10','2021-04-22 16:58:37'),(89,53,'assumenda',75461225,NULL,2,'1986-12-02 02:36:47','2021-04-22 16:58:37'),(90,40,'aut',6586014,NULL,3,'2014-01-27 02:50:18','2021-04-22 16:58:37'),(91,40,'deleniti',8,NULL,3,'1981-05-05 16:57:49','2021-04-22 16:58:37'),(92,79,'error',470489,NULL,1,'1999-06-23 16:34:40','2021-04-22 16:58:37'),(93,74,'in',6782338,NULL,2,'1979-10-06 21:19:56','2021-04-22 16:58:37'),(94,35,'voluptates',414184931,NULL,3,'1996-06-22 21:27:27','2021-04-22 16:58:37'),(95,52,'pariatur',40,NULL,1,'2018-03-01 14:56:28','2021-04-22 16:58:37'),(96,54,'et',413902543,NULL,3,'2010-12-25 05:50:34','2021-04-22 16:58:37'),(97,12,'repellat',81877,NULL,3,'1998-03-16 21:42:12','2021-04-22 16:58:37'),(98,100,'expedita',318908,NULL,1,'1978-07-21 22:07:58','2021-04-22 16:58:37'),(99,61,'fugiat',403,NULL,1,'1998-12-06 07:55:20','2021-04-22 16:58:37'),(100,8,'deleniti',25414,NULL,2,'1974-08-03 14:54:46','2021-04-22 16:58:37'),(101,53,'ipsam',57815832,NULL,3,'2006-01-12 23:37:10','2021-04-22 16:58:37'),(102,43,'voluptas',23,NULL,2,'1973-10-31 21:57:35','2021-04-22 16:58:37'),(103,57,'consequuntur',694297,NULL,1,'2015-08-18 23:55:17','2021-04-22 16:58:37'),(104,52,'molestias',747306,NULL,3,'1972-06-05 13:58:53','2021-04-22 16:58:37'),(105,91,'rerum',4,NULL,2,'1998-04-30 17:28:22','2021-04-22 16:58:37'),(106,97,'hic',54987,NULL,1,'1970-10-24 13:34:34','2021-04-22 16:58:37'),(107,12,'est',94,NULL,3,'1987-04-02 21:59:55','2021-04-22 16:58:37'),(108,68,'occaecati',721,NULL,1,'2001-10-28 11:19:35','2021-04-22 16:58:37'),(109,4,'adipisci',25951352,NULL,3,'2017-09-30 19:25:27','2021-04-22 16:58:37'),(110,14,'necessitatibus',554930,NULL,1,'1975-03-23 08:57:01','2021-04-22 16:58:37');
/*!40000 ALTER TABLE `media` ENABLE KEYS */;
UNLOCK TABLES;

--
-- Table structure for table `media_types`
--

DROP TABLE IF EXISTS `media_types`;
/*!40101 SET @saved_cs_client     = @@character_set_client */;
/*!50503 SET character_set_client = utf8mb4 */;
CREATE TABLE `media_types` (
  `id` int unsigned NOT NULL AUTO_INCREMENT COMMENT 'Идентификатор строки',
  `name` varchar(255) CHARACTER SET utf8mb4 COLLATE utf8mb4_unicode_ci NOT NULL COMMENT 'Название типа',
  `created_at` datetime DEFAULT CURRENT_TIMESTAMP COMMENT 'Время создания строки',
  `updated_at` datetime DEFAULT CURRENT_TIMESTAMP ON UPDATE CURRENT_TIMESTAMP COMMENT 'Время обновления строки',
  PRIMARY KEY (`id`),
  UNIQUE KEY `name` (`name`)
) ENGINE=InnoDB AUTO_INCREMENT=4 DEFAULT CHARSET=utf8mb4 COLLATE=utf8mb4_unicode_ci COMMENT='Типы медиафайлов';
/*!40101 SET character_set_client = @saved_cs_client */;

--
-- Dumping data for table `media_types`
--

LOCK TABLES `media_types` WRITE;
/*!40000 ALTER TABLE `media_types` DISABLE KEYS */;
INSERT INTO `media_types` VALUES (1,'photo','2021-04-22 16:56:32','2021-04-22 16:56:32'),(2,'video','2021-04-22 16:56:32','2021-04-22 16:56:32'),(3,'audio','2021-04-22 16:56:32','2021-04-22 16:56:32');
/*!40000 ALTER TABLE `media_types` ENABLE KEYS */;
UNLOCK TABLES;

--
-- Table structure for table `messages`
--

DROP TABLE IF EXISTS `messages`;
/*!40101 SET @saved_cs_client     = @@character_set_client */;
/*!50503 SET character_set_client = utf8mb4 */;
CREATE TABLE `messages` (
  `id` int unsigned NOT NULL AUTO_INCREMENT COMMENT 'Идентификатор строки',
  `from_user_id` int unsigned NOT NULL COMMENT 'Ссылка на отправителя сообщения',
  `to_user_id` int unsigned NOT NULL COMMENT 'Ссылка на получателя сообщения',
  `body` text CHARACTER SET utf8mb4 COLLATE utf8mb4_unicode_ci NOT NULL COMMENT 'Текст сообщения',
  `is_important` tinyint(1) DEFAULT NULL COMMENT 'Признак важности',
  `is_delivered` tinyint(1) DEFAULT NULL COMMENT 'Признак доставки',
  `created_at` datetime DEFAULT CURRENT_TIMESTAMP COMMENT 'Время создания строки',
  PRIMARY KEY (`id`),
  KEY `mess_from` (`from_user_id`),
  KEY `mess_to` (`to_user_id`),
  KEY `mess_del` (`is_delivered`)
) ENGINE=InnoDB AUTO_INCREMENT=151 DEFAULT CHARSET=utf8mb4 COLLATE=utf8mb4_unicode_ci COMMENT='Сообщения';
/*!40101 SET character_set_client = @saved_cs_client */;

--
-- Dumping data for table `messages`
--

LOCK TABLES `messages` WRITE;
/*!40000 ALTER TABLE `messages` DISABLE KEYS */;
INSERT INTO `messages` VALUES (1,65,75,'Natus nam repellat consequatur qui. Et qui perferendis reiciendis possimus et. Error quis cum beatae et. Sunt qui est fugit eos.',1,1,'1970-11-04 16:47:25'),(2,77,62,'Laborum et asperiores aut sed et. Doloremque aut et et incidunt animi. Vitae eaque voluptates ea fugit veritatis. Dolor accusantium modi qui.',1,0,'2011-01-28 07:56:44'),(3,77,1,'Qui labore qui iusto et est totam sed. Repellendus fugit laudantium doloribus placeat et enim eaque. Eveniet accusantium consequuntur doloremque quia reprehenderit. Iusto sed dolor culpa est sit.',1,1,'1996-12-03 22:47:43'),(4,71,54,'Tempora totam possimus quibusdam id dignissimos autem laudantium. Fugiat sit non alias sunt doloremque quod et et. Non reprehenderit animi nesciunt et atque.',0,0,'2002-03-24 20:25:03'),(5,55,13,'Molestias occaecati mollitia eius ab. Modi consequuntur quia veritatis quidem ratione. Rem sit aperiam labore veritatis maiores et recusandae aperiam.',1,0,'2015-09-25 12:00:05'),(6,99,56,'Necessitatibus fugit beatae maxime corrupti ut. Voluptatum unde velit alias inventore consectetur quasi.',0,1,'1998-06-26 05:29:00'),(7,81,37,'Sed ut consequatur neque et ut autem. Laboriosam accusamus veritatis unde quae. Saepe sit et qui possimus odit. Beatae non numquam sed est vero ut non necessitatibus. Consequatur ratione ut nihil molestiae molestiae veniam natus.',1,0,'1970-08-26 08:28:57'),(8,40,90,'Impedit maiores debitis consequatur officia qui debitis. In assumenda non nihil molestiae ipsum. Dolore modi dolores mollitia officiis ea tempora expedita culpa.',0,0,'2018-02-10 16:31:28'),(9,27,67,'Debitis voluptatum quis ut laboriosam veniam. Tenetur accusamus cupiditate non ab. Pariatur omnis illum consequuntur aliquam vitae minima.',0,0,'2009-01-20 01:03:18'),(10,55,70,'Adipisci in inventore est. Commodi sed ad vitae iusto et. A in labore quas eos iure.',0,1,'2004-10-20 08:34:33'),(11,86,20,'Nihil commodi enim fugit pariatur consectetur et excepturi. Quisquam ullam magni beatae dolore. Consequatur odio eum consequatur molestiae dolorem architecto dignissimos. Soluta aut iste eaque praesentium ea et illo.',0,0,'2013-02-15 19:43:46'),(12,41,43,'Atque itaque neque rerum nobis assumenda sed. Totam consequuntur voluptates libero placeat sed mollitia sint. Repellat non quisquam vel consequuntur incidunt voluptas.',1,1,'1971-03-05 01:15:39'),(13,92,29,'Enim dicta quasi provident consectetur magni nesciunt. Animi optio incidunt a itaque ullam ullam quasi. Animi aliquam consequuntur cupiditate modi fuga unde quia. Voluptatem quia assumenda velit accusamus.',1,0,'2017-05-24 04:15:30'),(14,70,63,'Ut autem distinctio aut rerum earum. Ut hic aut amet ut accusantium rerum atque.',0,0,'1971-02-14 12:53:41'),(15,3,27,'Possimus qui debitis ut minus quia consectetur vel temporibus. Eius quis vitae qui est quia. Laudantium non in qui ut perspiciatis ullam ipsam. Totam distinctio ut ad consequatur ipsa.',1,1,'1999-03-20 01:26:34'),(16,25,44,'Blanditiis voluptatem et sint veritatis sequi consequatur facilis. Est eum fuga doloremque qui. Voluptatem veritatis ut ut eligendi nisi dignissimos quos.',0,0,'2017-01-16 07:50:52'),(17,42,79,'Aliquid quaerat cumque dignissimos inventore est sunt veritatis. Recusandae excepturi eum quo eum facilis veniam dolor. Harum dolor eos nulla et nesciunt.',0,0,'1994-09-22 15:13:59'),(18,70,12,'Rerum ad praesentium minima autem aspernatur quasi rerum. Minus sit aut quibusdam voluptatem at est. Sed voluptatem quia sapiente dicta animi.',1,0,'2003-05-27 04:42:23'),(19,48,5,'Voluptate et expedita ipsa eaque minus eligendi beatae ut. Minima quia dignissimos voluptates voluptas dolor omnis nihil. Architecto saepe ut qui illum consequatur modi aliquam. Autem omnis et non pariatur ut unde dolor incidunt.',0,0,'2018-09-07 15:25:50'),(20,82,91,'Dolore dicta sint ut iure ratione aut sit. Ea maxime doloribus rerum blanditiis nostrum. Dolorem sit sed neque modi quis.',1,0,'1993-09-29 03:52:06'),(21,10,78,'Aspernatur architecto debitis dolorem ratione. Nam rerum quos rerum voluptate qui magni consequatur. Est iure labore ullam.',0,0,'2016-07-07 22:54:16'),(22,60,66,'Id eius explicabo saepe nihil ullam ea id placeat. Ex aperiam officiis qui facere odit quisquam et. Quis id optio assumenda necessitatibus labore voluptas est. Nemo nobis unde laborum eos similique iusto.',1,1,'1999-08-29 11:05:16'),(23,49,44,'Totam minus voluptatem rem sequi facilis a illo magni. Necessitatibus aliquam neque molestiae dolorem impedit reiciendis perspiciatis. Voluptas molestiae assumenda aliquid quos repellendus id. Accusantium est temporibus sunt sapiente veritatis. Amet tenetur qui corporis maxime laboriosam.',0,0,'1996-04-07 20:43:33'),(24,75,42,'Repudiandae magnam mollitia perferendis vitae. Sed et qui libero impedit. Modi voluptas rerum est nobis amet autem. Aut odit occaecati magnam error est repellat.',1,0,'2005-01-14 17:53:21'),(25,85,98,'Explicabo culpa beatae esse ea. Ea quia ut tempore consequuntur illum dolorem. Eaque est ad dolorem beatae ipsa.',0,0,'1981-12-09 19:08:29'),(26,32,69,'Qui aut eaque odio sed maiores est voluptatem. Voluptas corporis cupiditate commodi eius nihil vel et. Excepturi quos et odit corrupti sit corrupti.',0,0,'1981-01-19 17:43:42'),(27,47,28,'Illum saepe velit ab velit qui impedit. Incidunt voluptatibus voluptas sit ut quos et numquam. Non asperiores laudantium ut nesciunt et beatae molestias qui. Aliquam rem aut qui qui est.',1,1,'1975-06-07 16:04:25'),(28,99,11,'Dolor aperiam earum blanditiis molestiae eius similique. Labore similique sit explicabo modi. Quo tempore vel iure dolorum.',0,1,'1989-05-14 13:16:53'),(29,56,45,'Aperiam nostrum soluta sint id cum magni numquam. Quae voluptatem deserunt libero iste deserunt possimus modi.',0,1,'2006-11-03 01:41:25'),(30,59,58,'Rem molestiae dolorum voluptatem harum voluptas consequatur rem. Tempore aut cumque aut nulla aliquid quo dolore. Quia laboriosam placeat aspernatur aut in. Temporibus perspiciatis et dolor quam eaque. Qui provident repellendus dolorem dolorem possimus.',0,1,'2020-04-27 21:43:05'),(31,12,87,'Qui quibusdam debitis facere veritatis ut. Sapiente quo et maxime aut. Deserunt alias iure nulla minus nobis et. Adipisci aut animi rem vitae.',1,1,'2015-02-15 22:42:09'),(32,98,29,'Qui quis ratione et nemo ab. Veniam esse et quis exercitationem nesciunt.',1,0,'2020-04-01 08:39:32'),(33,50,62,'Molestias debitis non eius quasi cum libero qui delectus. Accusantium ut ut praesentium sit ut sit. Delectus voluptatem et nobis exercitationem. Est rerum labore est velit.',0,0,'1994-09-18 19:51:27'),(34,60,13,'Vel officia distinctio fugit corporis. Eos corporis nesciunt distinctio qui. Fuga facilis veniam cumque eius.',0,1,'1976-02-01 13:59:27'),(35,86,91,'Non magnam dignissimos rem animi magnam. In animi nesciunt voluptate dignissimos odit laboriosam. Aspernatur repellat nihil ut adipisci inventore est. Temporibus autem earum et tempore nesciunt odit aut.',0,1,'1976-09-11 07:51:46'),(36,96,6,'Corrupti exercitationem iure eos velit architecto. Dolor modi molestiae quos sed. Odit eum rerum laborum praesentium aspernatur sapiente dolor. Repellendus architecto distinctio consequatur non necessitatibus sint.',0,0,'1982-01-08 06:05:29'),(37,40,84,'Perferendis dolores est enim perspiciatis. Sapiente illo ab nisi non. Repudiandae dolorem officiis mollitia sed numquam. Dicta a illo nesciunt distinctio.',1,1,'2012-08-03 13:16:07'),(38,100,45,'Quo ab sed ducimus est sed. Rerum repellendus saepe error sunt. Unde saepe voluptas recusandae maiores.',0,1,'1997-05-07 08:46:47'),(39,25,91,'Sequi distinctio et repudiandae velit. Ut voluptatibus nihil illum delectus sed unde.',1,1,'1974-04-03 16:25:20'),(40,79,20,'Quasi qui odio facilis ut iure dolores. Eaque quam labore dolores dolore maiores quibusdam. Neque officia animi sit dicta architecto consectetur.',0,1,'2006-08-09 10:03:27'),(41,64,58,'Accusamus reiciendis repellendus tenetur dolor facilis. Praesentium sit aliquid et neque ipsam temporibus odit. Et rerum et vel adipisci velit corporis. Quibusdam perferendis provident et tempora rerum. Ipsa fugit minus odio laudantium rerum ut.',0,1,'2015-03-22 19:40:20'),(42,97,11,'Est expedita perspiciatis id molestias molestiae voluptatum magnam. Vel fugit quia minus doloribus quibusdam nam. Dolor sit earum vitae in non modi.',1,0,'1994-04-30 03:23:47'),(43,62,78,'Voluptatibus ut molestiae aliquam assumenda qui minus. Natus cupiditate eum quas a atque odit reiciendis. Et maiores illum qui et. Sit omnis officia ullam eum.',1,0,'2017-01-23 21:44:36'),(44,4,85,'Quibusdam et molestias ab consequatur sunt. Sunt eum autem ullam est et. Ut dolores explicabo quam ducimus aut dignissimos soluta.',0,0,'1998-05-22 04:37:08'),(45,10,98,'Iste minima voluptatum enim quia. Aut qui atque libero voluptatem inventore et. Natus consequuntur repellendus fuga eaque at excepturi. Quisquam quia quod omnis molestiae enim optio.',1,1,'1978-01-19 14:38:15'),(46,59,2,'Non consequatur consectetur voluptatem non in sint. Vel sit aliquid recusandae. Dolore ut nostrum vel quod.',0,0,'1970-03-24 03:39:55'),(47,31,50,'Explicabo totam magni dolor similique voluptatem cumque quia. Atque explicabo et ab hic debitis. Rem harum assumenda animi molestiae ratione consequatur quisquam.',0,0,'1999-09-29 19:42:42'),(48,57,33,'Est aut dignissimos voluptatem officia magni nulla. Beatae temporibus voluptatem eos quis. Nesciunt tempora quidem non quis ut veritatis.',1,0,'1996-06-12 03:20:39'),(49,95,73,'Omnis similique dicta nisi voluptatum eveniet fugit ratione. Optio necessitatibus dolorem consequatur laborum. Quod mollitia et rerum quo voluptatem.',1,0,'2010-10-31 08:12:40'),(50,80,82,'Voluptas maxime vel fugit eos. Provident est consequatur qui maxime. Architecto ut molestias autem quia. Quae ipsum atque dolores optio et illo.',1,1,'2019-07-11 19:29:42'),(51,70,4,'Quaerat nihil dolorem dolorem tempora. Exercitationem sunt natus ea autem aut sit enim culpa. Impedit accusantium et quam minus numquam voluptate eligendi.',1,1,'1985-06-29 04:35:00'),(52,6,21,'Unde eum quo quas nobis aliquid mollitia labore. Voluptas est beatae id pariatur.',0,0,'1978-05-19 16:03:15'),(53,86,68,'Animi vel quia id. Ullam voluptatem deleniti quia magni. Voluptas consequuntur voluptatem ullam voluptatem sit.',1,1,'1982-07-22 04:37:30'),(54,80,94,'Ducimus qui ipsam dignissimos veniam et ut dicta. Ut aut est veniam quibusdam voluptatem aut aliquam. Aut voluptas animi iste aliquid.',0,0,'2011-06-19 14:33:08'),(55,32,77,'Nemo atque qui nulla voluptatem qui. Possimus velit quasi modi accusantium aut facere. Qui eligendi repellat velit.',0,1,'1974-07-21 22:04:15'),(56,90,16,'Repellendus veritatis et quaerat sunt autem doloremque. Ipsa impedit temporibus dicta vel. Non magni repellendus similique id. Qui consequatur unde consequatur omnis eos impedit reprehenderit.',1,0,'1989-03-19 20:46:44'),(57,9,95,'Rerum et sed recusandae perspiciatis maiores. Dolorem nihil placeat doloremque quo commodi doloribus hic. Earum rerum dignissimos qui sit ullam ipsam. Aperiam omnis doloremque voluptatem repudiandae.',1,0,'2018-09-13 22:09:04'),(58,51,67,'Hic commodi quis consequuntur iusto esse voluptatum. Facere voluptatem sequi quos iure aut minima soluta. Quasi delectus non corporis facere non ut quasi.',0,0,'2016-04-21 18:07:49'),(59,82,8,'Exercitationem nostrum occaecati occaecati. Quae ullam velit aut quis similique rerum. Molestias aut numquam iure optio rerum repellendus reprehenderit.',1,0,'1999-02-22 02:13:08'),(60,96,55,'A sit aliquam enim quas veniam. Officiis et voluptatem non sit laudantium repellendus. Molestias reprehenderit rerum eligendi aut quae. Aspernatur soluta eos magni sint sed id cupiditate.',0,0,'1978-07-18 00:21:37'),(61,85,60,'Aliquam dolorem placeat ut vitae quia est doloribus. Voluptas enim occaecati perspiciatis harum ab eos rem. Rem optio sunt est dolor sequi placeat sit. Et minus voluptatum sapiente molestiae quos.',1,1,'2003-07-08 13:36:02'),(62,45,44,'Aspernatur reiciendis sint dolorum nihil porro explicabo quo. Aperiam repellendus est sunt eos.',0,1,'1978-12-20 16:23:37'),(63,84,88,'Officiis possimus recusandae et saepe sequi accusamus. Rem eos non ipsa veniam molestias nisi rerum. Voluptates odio dolorum aut voluptatibus rem molestiae.',1,1,'1985-03-15 08:32:04'),(64,89,81,'Placeat qui tempora recusandae dolorem dolores at. Distinctio cumque adipisci non aut. Sint quia magnam nemo amet perspiciatis mollitia eum ea. Et dignissimos id unde fuga non. Quae cum rerum impedit voluptas atque est.',0,1,'1994-06-07 22:14:43'),(65,35,33,'Ut velit voluptas amet sit. Et et ut autem eum facilis ea non quod. Est qui magnam quaerat est. Distinctio atque et velit voluptatem.',0,1,'2008-10-29 16:43:52'),(66,58,92,'Illo voluptas est porro ipsum delectus qui. Dicta recusandae ut deleniti. Laboriosam ea quibusdam quos et.',1,0,'1978-12-25 05:10:15'),(67,87,58,'Dolorem repudiandae numquam itaque perferendis id quia. Enim molestias a vel in sed eum et. Vitae officiis esse esse dolorem cumque. Aut consequatur ipsa occaecati excepturi cupiditate nesciunt.',0,1,'2003-08-02 07:32:15'),(68,26,58,'Quis esse est reprehenderit iusto voluptatem quos. Odit nulla dicta accusantium rem. Natus eligendi sint aut non quod. Consequatur ut quod rem reiciendis enim est odio.',1,1,'1998-01-04 20:29:17'),(69,12,84,'Ut sequi omnis consequuntur quasi minima aut. Delectus doloribus ea explicabo ipsum culpa. Est enim voluptatem labore cum sequi vitae.',1,1,'1979-03-09 09:42:11'),(70,83,62,'Cupiditate voluptas laudantium voluptas. Magni vel et nesciunt velit sed. Magni expedita consequatur eos atque deleniti.',0,0,'2015-10-03 02:03:25'),(71,62,21,'Aspernatur voluptate et reprehenderit aspernatur eum distinctio. Voluptates nisi laborum dolore voluptate libero ex dolore. Tenetur enim ab asperiores iste.',0,0,'1983-06-10 15:21:44'),(72,20,35,'Laudantium velit voluptatibus et excepturi. Accusamus eveniet qui omnis est dolor.',0,1,'2008-04-26 20:47:57'),(73,17,77,'Hic hic esse dolorum et possimus perferendis quia. Ea vel reprehenderit ut nisi est suscipit. Aut voluptate error iure libero repellendus doloribus. Et nisi et eum laborum sit. Ducimus ut veniam ex vel sit.',1,0,'1991-11-13 18:23:48'),(74,35,44,'Beatae nihil distinctio non asperiores. Magnam culpa necessitatibus molestiae molestiae. Sequi id maxime asperiores expedita velit qui. Aut unde omnis officiis voluptatum neque molestias blanditiis.',0,1,'2000-01-25 05:41:00'),(75,14,39,'Id ex nihil quia quo voluptas quasi. Aperiam iste repellat cumque et quaerat. Minima similique quia pariatur est eligendi. Et temporibus sit facere qui.',1,1,'1989-07-30 08:36:02'),(76,52,41,'Rerum repellendus nesciunt pariatur at ea ut voluptas repellendus. Cupiditate velit iusto alias unde. Et consectetur sunt cum consectetur dolores. Repudiandae voluptatem odio modi sint non numquam veritatis.',1,1,'1996-11-14 09:48:15'),(77,48,15,'Corrupti omnis consectetur optio dolores cum sed. Molestias natus nesciunt voluptates quia nihil commodi. Maiores ut molestiae molestiae pariatur. Voluptate modi expedita repudiandae aperiam officiis occaecati enim laborum.',1,0,'2016-08-08 20:24:34'),(78,34,23,'Quasi libero maxime aspernatur quia aperiam accusamus occaecati. Sapiente esse et cum voluptatem debitis rem reiciendis. Tenetur qui facilis ut deleniti.',0,1,'2013-06-21 20:18:34'),(79,12,90,'Molestiae animi vitae fugiat error. Blanditiis et quos sed repellendus et. Sed at est aspernatur esse. Magni non dolorum ex sunt.',1,1,'2017-07-21 05:30:45'),(80,14,1,'Natus cupiditate voluptas itaque voluptatem omnis. Vitae molestias nihil magni pariatur numquam laudantium excepturi. In qui numquam consequatur exercitationem. Est culpa ullam deserunt illum in.',0,1,'2021-01-23 03:22:46'),(81,60,99,'Qui magnam non tempore id odit deserunt ex tenetur. Dolorum voluptatem expedita pariatur officiis animi quo. Asperiores omnis non esse ipsa odio necessitatibus.',1,1,'2016-07-28 22:42:12'),(82,12,62,'Incidunt nihil laboriosam modi autem rem. Reiciendis quia amet vero perspiciatis.',0,1,'2000-06-20 00:47:02'),(83,73,78,'Officiis consequatur aut ipsam libero molestiae est. Ut est dolorum rerum architecto sed possimus illo. Veritatis et et velit odit. Ea expedita repellendus velit vero.',0,0,'1973-10-01 12:38:01'),(84,71,22,'Nesciunt praesentium quos ut. Qui aspernatur laudantium impedit quia aut. Impedit deserunt quis excepturi deleniti omnis ipsam aliquid. Voluptas dolorem non eos qui.',1,1,'1997-06-13 10:56:37'),(85,94,4,'Eum recusandae voluptates fugit alias. Fugit distinctio voluptas et id qui aut nostrum et.',0,0,'1988-03-26 04:16:22'),(86,39,82,'Qui voluptates provident officia. Voluptatibus dolore nobis id ipsa aut vitae. Doloribus minima veritatis fugiat dignissimos neque. Minus itaque soluta neque id voluptatem.',1,0,'2007-05-27 15:55:09'),(87,91,8,'Tempore alias non neque omnis animi. Est sunt fugit libero velit ducimus sint. Dolore totam tenetur quo. Animi et quaerat voluptatibus neque.',1,1,'1979-03-27 18:13:43'),(88,68,16,'Ex voluptatum sed illum omnis et cumque. Impedit quia harum soluta quam et. Consequuntur porro fugit et magni consequuntur. Est repellat autem officia odit labore accusamus eaque.',0,0,'1982-04-02 08:23:32'),(89,75,29,'Laudantium atque amet sunt omnis. Molestiae quae voluptatem voluptate vitae. Eveniet deleniti illo fuga sequi.',1,1,'1983-01-25 13:33:24'),(90,16,93,'Amet reprehenderit sit architecto cupiditate animi impedit. Voluptates et non consequatur aut. Blanditiis cumque expedita at ratione optio sit.',0,0,'2015-10-05 06:25:37'),(91,17,7,'Repellat cum neque pariatur eum. Ut molestiae repudiandae quibusdam blanditiis aliquid ullam corrupti. Dolorem autem soluta repudiandae vitae qui velit. Omnis aut praesentium aperiam eum quos provident dolores.',0,0,'1970-10-20 12:26:50'),(92,81,83,'Illo veritatis perferendis dolores esse ad quia. Itaque dolore omnis in ut porro. Consequatur accusantium et laudantium velit. Quis doloribus similique aspernatur qui doloribus ut officiis est.',0,1,'1973-04-09 11:48:48'),(93,74,17,'Omnis quae et qui tempore. Corporis vero voluptas provident. Culpa perferendis soluta impedit fugit. Praesentium iusto explicabo eveniet molestiae et autem.',1,1,'1977-09-29 05:03:49'),(94,66,77,'Pariatur id rerum sit ut unde ut et. Non dolorem sed cum ut. Aperiam voluptas et aut voluptatem deleniti earum aut voluptatem.',1,0,'1979-04-10 11:04:57'),(95,85,94,'Unde qui est accusamus in omnis. Repudiandae optio aut culpa fuga. Qui eaque maiores at veniam saepe quia doloremque.',0,1,'1975-04-04 15:41:52'),(96,17,2,'Qui eaque est reiciendis placeat sint aut. Velit est aut aut. Aut minima consequatur esse totam necessitatibus optio. Delectus velit quibusdam deleniti harum sit.',1,1,'2017-08-20 00:18:55'),(97,56,76,'Error facere laboriosam non est molestias. Inventore corporis cumque rerum laborum possimus. Sunt iste omnis quod consequatur nesciunt soluta ea odit. Eius dolor ut quo ut.',1,0,'1992-04-18 05:58:43'),(98,9,18,'Aut et cum explicabo nesciunt explicabo omnis in. Voluptas quis illo sed ipsam facere reprehenderit. Dolorem fuga eos quis reprehenderit. Et quasi deleniti quia quis suscipit dolorem quaerat.',0,1,'2012-12-02 07:34:29'),(99,64,64,'Voluptates ullam aut modi illo. Quasi qui vel expedita molestias maiores voluptatem. Ex saepe facilis aut ex fuga. Sequi pariatur possimus ut ea.',1,0,'1999-07-28 12:40:48'),(100,29,54,'Maxime quam est impedit deserunt dolore atque accusantium. Impedit itaque pariatur deleniti sunt odit et. Est laudantium aut dolores velit. Sunt cum sed sit non provident laboriosam exercitationem. Nobis deleniti aperiam et adipisci aut hic magni.',1,0,'1977-08-04 04:48:03'),(101,79,35,'Dolor libero in cupiditate ipsam. Doloribus enim sint quasi eaque. Eos deserunt est ut officia corrupti voluptatem.',0,1,'2020-11-25 12:23:46'),(102,38,85,'Placeat tenetur accusantium sed vero assumenda impedit. Laboriosam ea quis consequatur et odit quos harum quia. Quo voluptatem debitis omnis mollitia optio.',1,0,'2017-05-08 18:34:43'),(103,9,88,'Occaecati temporibus beatae magni ducimus ut. Ratione aut pariatur quidem consectetur. Aperiam cum nesciunt tempore ullam adipisci facere.',1,0,'2009-06-06 04:14:49'),(104,13,99,'Sint quas doloremque adipisci. Et dolor tempore sed aut modi sint aut. Voluptates nulla iusto asperiores magnam qui laudantium. Et qui ut recusandae blanditiis exercitationem illum ab.',1,0,'2020-12-31 09:36:02'),(105,57,86,'Aliquid fuga itaque et voluptatum assumenda quam. Voluptas molestias harum dolore consequatur. Aut quaerat labore consequatur eius nihil illum. Laudantium dolorem incidunt dicta sequi.',0,1,'1986-03-05 18:04:09'),(106,60,39,'Amet natus nostrum omnis quod facere. Ratione sequi ut officia sunt quod illum et aut. Nobis aut repellat eligendi nesciunt qui est. Et dolor quia eum quibusdam.',0,0,'1980-08-16 06:19:42'),(107,17,67,'Quia nemo harum rerum cum eaque. Neque beatae cupiditate ut reprehenderit. Vel dolores recusandae totam vero id nihil.',1,0,'2004-03-30 02:06:53'),(108,82,10,'Ullam eligendi aperiam culpa maxime deleniti dignissimos. Dolorem soluta quia molestiae voluptatem eveniet maxime. Consequatur ab ullam iste sapiente unde cumque. Assumenda hic aut et quia aspernatur laudantium.',0,1,'1997-07-31 19:17:04'),(109,1,77,'Distinctio ab neque doloribus est accusamus velit. Unde dolor excepturi iste enim. Nihil iste unde sint numquam temporibus. Suscipit veritatis blanditiis ab deleniti.',1,1,'2004-05-18 09:22:06'),(110,81,74,'Cum modi odio sint delectus dolorem minima aliquid. Dolores odit fuga sunt enim. Ut aut in et tempora dolor.',1,0,'1990-02-27 11:20:03'),(111,28,16,'Vero iure omnis eius cupiditate est eveniet. Ea vitae facilis sed non officiis sit et. Repudiandae optio atque voluptate. Nisi vero mollitia enim ducimus.',0,1,'1982-05-24 18:39:35'),(112,95,26,'Voluptatem in vero consequatur iusto voluptatum. Dicta veniam unde non aut sit consequatur. Accusantium totam amet nisi eum odio.',0,1,'1977-02-28 10:10:58'),(113,45,45,'Quod tenetur exercitationem et dignissimos est voluptatibus ut. Aspernatur sit nostrum vero. Molestias qui similique ipsam nulla voluptatem non. Vel ipsa molestias aliquid exercitationem sit.',1,1,'2008-08-05 14:04:01'),(114,91,17,'Vel voluptatem numquam soluta ut labore assumenda et optio. Sit dolore in labore ut. Incidunt quod placeat aut dolore ratione eum unde.',1,1,'2008-04-25 00:48:58'),(115,15,20,'Vel in facere et ipsum tempora modi cum. Vel eum sint porro deserunt ipsa quo velit. Error quia adipisci voluptates quod nobis tempore et. Sed distinctio suscipit facere nisi dolore et quis. Ullam est reiciendis quis possimus reprehenderit earum quaerat.',0,1,'2008-05-02 22:10:18'),(116,57,23,'Et sit voluptates enim quo facere ullam. Et qui et iure saepe. Aut necessitatibus id voluptatem voluptas et et minus. Non deserunt blanditiis ex sit.',1,0,'2018-02-04 12:06:07'),(117,46,59,'Quasi quia eum et doloremque cumque quidem. Illum omnis beatae doloremque amet. Ut rem dignissimos modi commodi placeat. Qui occaecati deleniti vel eveniet accusamus et voluptas.',1,0,'1977-08-26 04:05:16'),(118,55,100,'Voluptas quis qui quia cupiditate. Suscipit quasi autem nihil officiis quisquam corrupti. Sint quo aut rerum.',1,1,'1993-09-22 01:37:39'),(119,34,68,'Nihil beatae provident magnam unde eius. Omnis dolorum voluptas amet enim harum nulla dolor. Enim laborum reprehenderit et corrupti dolor corporis a sit. Ut optio voluptas et ullam sunt.',1,1,'1971-10-03 19:12:39'),(120,37,83,'Laboriosam iusto rerum commodi repellendus aut. Est enim et aut sed sint. Sint libero sed eos. Aut tenetur est culpa. Quisquam et sed maxime natus autem nesciunt et.',1,1,'1981-01-03 07:50:58'),(121,2,62,'Velit similique sint repellendus eligendi rerum qui et. Debitis nulla sit mollitia sit corporis et provident at. Officia iure occaecati veniam tenetur.',0,0,'1990-06-22 06:19:05'),(122,2,25,'Hic id maiores ab dolore. Voluptas sunt sint et tenetur. Aut vel eos autem eum occaecati aut in omnis. Sit vel saepe voluptatem nisi eius dolores sint.',1,0,'1978-07-04 21:40:27'),(123,18,13,'Illum consequatur tempora officia omnis nemo omnis. Temporibus nobis est molestiae perspiciatis. Voluptas nostrum ab dolorem dicta culpa consequatur. Dignissimos velit eum fugiat commodi dolore earum animi. Ducimus et sapiente exercitationem accusamus voluptatem nobis.',1,0,'1987-12-15 17:47:23'),(124,10,10,'Facilis eos debitis et voluptas sit rem nemo. Facere et maxime voluptatem harum neque quam. Eum voluptatem sit voluptatum ab et. Praesentium ipsa quis dolore excepturi consequatur fugit saepe modi. Non iste tenetur impedit perferendis.',0,0,'2016-03-06 19:54:54'),(125,21,76,'Consequatur perspiciatis non fugit eius omnis enim. Tempora voluptatibus non veritatis. Eligendi tempora quia corrupti enim impedit quia dolores.',0,0,'1999-08-14 17:23:14'),(126,13,39,'Atque est aut voluptate. Praesentium sed illo maiores autem adipisci et. Amet aut reprehenderit possimus nihil numquam. Eaque quia error deserunt voluptas ipsum deserunt.',0,1,'2002-12-31 03:32:51'),(127,54,51,'Quam quis adipisci sit. Quod architecto culpa incidunt sit nobis labore est. Similique similique omnis quis porro.',1,1,'2003-03-04 21:35:15'),(128,94,18,'Quia repudiandae animi et earum excepturi. Vero voluptas itaque expedita ex modi voluptates odit.',0,0,'2002-09-17 13:44:24'),(129,5,70,'Est iste optio molestiae qui omnis. Occaecati aut in aperiam et libero porro. Adipisci nesciunt et inventore sed accusamus. Quasi facere inventore sit labore nostrum molestias molestias.',0,0,'1981-08-03 16:12:28'),(130,37,75,'Eveniet qui dolores rerum aut eveniet repellat. Laborum commodi natus rem dolorem earum qui in.',1,1,'1977-10-03 10:31:08'),(131,61,80,'Amet vel rerum vel omnis vero. Sed nesciunt quidem voluptate quia aliquid et voluptate. Quaerat exercitationem fugiat totam. Qui et distinctio facere distinctio repellat.',0,0,'1989-08-25 18:33:47'),(132,16,40,'Consequatur eaque facilis enim qui dolore. Ut quaerat nihil eligendi temporibus vitae. Ipsam inventore et consequuntur possimus molestiae quod quam.',0,0,'1978-08-25 01:14:22'),(133,53,44,'Voluptas hic ducimus quo assumenda id reprehenderit velit. Rerum dolorum placeat doloremque atque qui. Qui ipsum aut consequatur vel nobis provident maiores natus. Dolorum voluptatem sunt eaque eligendi ducimus fugit dolore.',1,0,'1998-08-24 23:59:24'),(134,62,77,'Reprehenderit voluptatibus itaque mollitia totam quod. Et itaque rerum ipsam provident. Modi perspiciatis odio ipsum laudantium ut veritatis eligendi.',1,0,'1992-10-23 06:19:11'),(135,96,49,'Nemo ex architecto odit beatae aut molestiae. Omnis quia unde quis omnis tenetur cum sit. Omnis magni possimus sequi voluptas.',0,1,'1984-02-10 00:11:05'),(136,58,41,'Dolor officiis molestiae excepturi veritatis vel impedit architecto. Accusamus architecto quae dolorum nisi. Ducimus ea libero vero aspernatur.',1,0,'2000-06-29 08:40:06'),(137,30,29,'Error dolorem iusto quia enim. Impedit id sint placeat assumenda sed accusamus ad est. Quidem ea sed optio perspiciatis ea accusantium.',0,1,'1988-12-31 00:22:26'),(138,55,85,'Aut maxime veritatis repellendus earum est ea illo. Dolorem corrupti eos iusto atque ut id consectetur. Voluptatem qui beatae tempora non consequuntur labore odio.',0,0,'1992-12-07 15:17:31'),(139,62,52,'Voluptatem molestias sed cumque asperiores. Non et rerum explicabo minima explicabo. Eaque aut consequuntur quia.',0,1,'1974-01-13 22:42:30'),(140,74,15,'Sequi velit quis accusantium accusamus minus dicta sit sequi. Ut iste modi deleniti in occaecati laboriosam minus. Maiores non sit inventore iste. Autem omnis aut natus. Nemo aliquam omnis vel sint quod quasi culpa.',1,0,'1971-12-03 23:14:27'),(141,53,18,'Incidunt aut quibusdam rerum adipisci beatae quis sed. Id enim consequatur vitae vero aut. Fugiat unde debitis nam id earum. Velit et laudantium qui aut et voluptatem ipsa assumenda. Omnis provident aperiam sunt assumenda.',0,0,'2000-12-11 21:23:46'),(142,31,100,'Suscipit rerum dolor fugiat repudiandae atque architecto. Dicta ut ut aliquam et dolorem. Harum sapiente porro explicabo neque.',1,0,'2015-11-04 07:22:35'),(143,6,30,'Autem commodi qui sint et iste ab. Officiis quis voluptatem iusto laborum recusandae eum. Voluptatem qui rerum voluptas possimus corrupti beatae. Expedita facere animi est ad quidem eligendi numquam.',0,0,'1981-04-11 23:40:45'),(144,31,65,'Eligendi vitae sequi reiciendis praesentium. Nisi repellendus a nemo ipsam exercitationem. Voluptas quam optio harum dolorum quis a neque. Et est ipsam rerum tempore nesciunt.',1,0,'1981-12-08 13:23:56'),(145,34,71,'Suscipit voluptas libero perspiciatis omnis. Consequatur sit omnis eos officia rerum et. Ut corrupti deserunt quas. Sapiente corporis enim numquam ipsa iste.',0,0,'2006-12-27 09:19:44'),(146,52,48,'Tempora quo beatae veniam saepe. Quis sunt ut dolor quas ea reiciendis maxime. Tempora sit porro occaecati sunt similique ab quos iusto. Rerum numquam vel perspiciatis qui et.',0,0,'1985-10-07 12:59:40'),(147,85,80,'Adipisci non nam sunt sint enim veritatis accusamus. Alias voluptas accusantium libero magnam. Aut et id eaque voluptate. Enim aut ipsa quisquam assumenda. Autem autem saepe vel error vero cumque.',1,1,'2001-11-22 17:06:57'),(148,45,86,'Voluptas sint autem sed animi enim. Perspiciatis culpa laudantium facere aperiam labore. Qui voluptates eveniet unde cumque adipisci dicta tempore dolorem. Debitis possimus id rerum veniam ratione.',0,1,'1998-01-17 19:44:50'),(149,92,1,'Qui repellendus dolore ut temporibus ut est. Et ut in quos rerum veritatis. Aspernatur asperiores qui rerum. Consequatur necessitatibus eum animi corrupti error.',0,1,'2013-09-19 16:49:54'),(150,30,47,'Minus veniam nesciunt amet ut omnis. Sint harum debitis sed omnis. Optio quis hic adipisci nesciunt maiores molestias.',0,1,'1995-01-25 18:07:05');
/*!40000 ALTER TABLE `messages` ENABLE KEYS */;
UNLOCK TABLES;

--
-- Table structure for table `posts`
--

DROP TABLE IF EXISTS `posts`;
/*!40101 SET @saved_cs_client     = @@character_set_client */;
/*!50503 SET character_set_client = utf8mb4 */;
CREATE TABLE `posts` (
  `id` bigint unsigned NOT NULL AUTO_INCREMENT,
  `user_id` int unsigned DEFAULT NULL,
  `media_id` int unsigned DEFAULT NULL,
  `access_type` enum('all','friends_only','friends_and_communities') DEFAULT NULL,
  `text` longtext,
  `created_at` datetime DEFAULT NULL,
  PRIMARY KEY (`id`),
  UNIQUE KEY `id` (`id`),
  KEY `user_id` (`user_id`),
  KEY `media_id` (`media_id`),
  CONSTRAINT `posts_ibfk_1` FOREIGN KEY (`user_id`) REFERENCES `users` (`id`),
  CONSTRAINT `posts_ibfk_2` FOREIGN KEY (`media_id`) REFERENCES `media` (`id`)
) ENGINE=InnoDB AUTO_INCREMENT=92 DEFAULT CHARSET=utf8mb4 COLLATE=utf8mb4_0900_ai_ci;
/*!40101 SET character_set_client = @saved_cs_client */;

--
-- Dumping data for table `posts`
--

LOCK TABLES `posts` WRITE;
/*!40000 ALTER TABLE `posts` DISABLE KEYS */;
INSERT INTO `posts` VALUES (1,12,13,'all','check the picture','2021-05-06 11:57:37'),(2,1,3,'all','postpostpostpostpostpostpostpost','2021-05-06 11:57:37'),(3,3,5,'all','postpostpostpostpostpost','2021-05-06 11:57:37'),(4,1,6,'friends_only','postpostpostpostpostpostpostpostpostpostpostpost','2021-05-06 11:57:37'),(5,2,73,'all','postpostpostpostpostpostpostpostpostpost','2021-05-06 11:57:37'),(6,1,86,'all','postpostpostpost','2021-05-06 11:57:37'),(7,5,23,'all','postpost','2021-05-06 11:57:37'),(8,10,22,'friends_only','postpostpostpostpostpostpostpostpostpostpostpostpostpostpostpostpostpostpostpost','2021-05-06 11:57:37'),(9,1,12,'all','postpostpostpost','2021-05-06 11:57:37'),(10,87,13,'all','postpostpostpostpostpostpostpost','2021-05-06 11:57:37'),(11,87,2,'all','postpostpostpost','2021-05-06 11:57:37'),(12,87,5,'all','postpost','2021-05-06 11:57:37'),(13,87,6,'friends_only','postpostpostpostpostpostpostpostpostpostpostpostpostpostpostpostpostpostpostpostpostpostpostpostpostpostpostpostpostpost','2021-05-06 11:57:37'),(14,76,36,'all','postpost','2021-05-06 11:57:37'),(15,7,36,'all','postpost','2021-05-06 11:57:37'),(16,65,37,'all','postpost','2021-05-06 11:57:37'),(17,54,38,'friends_only','postpostpostpostpostpostpostpostpostpostpostpost','2021-05-06 11:57:37'),(18,12,39,'all','postpost','2021-05-06 11:57:37'),(19,11,31,'friends_only','postpostpostpost','2021-05-06 11:57:37'),(20,12,23,'all','postpost','2021-05-06 11:57:37'),(21,12,24,'all','postpostpostpostpostpostpostpost','2021-05-06 11:57:37'),(22,12,25,'all','postpost','2021-05-06 11:57:37'),(23,12,26,'all','postpostpostpostpostpost','2021-05-06 11:57:37'),(24,12,27,'all','postpost','2021-05-06 11:57:37'),(25,12,35,'all','postpostpostpostpostpost','2021-05-06 11:57:37'),(26,12,13,'friends_and_communities','postpost','2021-05-06 11:57:37'),(27,12,67,'all','postpost','2021-05-06 11:57:37'),(28,12,31,'all','postpostpostpostpostpostpostpostpostpostpostpostpostpost','2021-05-06 11:57:37'),(29,12,87,'all','postpost','2021-05-06 11:57:37'),(30,1,3,'all','postpostpostpostpostpostpostpost','2021-05-06 11:57:37'),(31,3,5,'all','postpostpostpostpostpost','2021-05-06 11:57:37'),(32,1,6,'friends_only','postpostpostpostpostpostpostpostpostpostpostpost','2021-05-06 11:57:37'),(33,2,73,'all','postpostpostpostpostpostpostpostpostpost','2021-05-06 11:57:37'),(34,1,86,'all','postpostpostpost','2021-05-06 11:57:37'),(35,5,23,'all','postpost','2021-05-06 11:57:37'),(36,10,22,'friends_only','postpostpostpostpostpostpostpostpostpostpostpostpostpostpostpostpostpostpostpost','2021-05-06 11:57:37'),(37,1,12,'all','postpostpostpost','2021-05-06 11:57:37'),(38,87,13,'all','postpostpostpostpostpostpostpost','2021-05-06 11:57:37'),(39,87,2,'all','postpostpostpost','2021-05-06 11:57:37'),(40,87,5,'all','postpost','2021-05-06 11:57:37'),(41,87,6,'friends_only','postpostpostpostpostpostpostpostpostpostpostpostpostpostpostpostpostpostpostpostpostpostpostpostpostpostpostpostpostpost','2021-05-06 11:57:37'),(42,76,36,'all','postpost','2021-05-06 11:57:37'),(43,7,36,'all','postpost','2021-05-06 11:57:37'),(44,65,37,'all','postpost','2021-05-06 11:57:37'),(45,54,38,'friends_only','postpostpostpostpostpostpostpostpostpostpostpost','2021-05-06 11:57:37'),(46,12,39,'all','postpost','2021-05-06 11:57:37'),(47,11,31,'friends_only','postpostpostpost','2021-05-06 11:57:37'),(48,12,23,'all','postpost','2021-05-06 11:57:37'),(49,12,24,'all','postpostpostpostpostpostpostpost','2021-05-06 11:57:37'),(50,12,25,'all','postpost','2021-05-06 11:57:37'),(51,12,26,'all','postpostpostpostpostpost','2021-05-06 11:57:37'),(52,12,27,'all','postpost','2021-05-06 11:57:37'),(53,12,35,'all','postpostpostpostpostpost','2021-05-06 11:57:37'),(54,12,13,'friends_and_communities','postpost','2021-05-06 11:57:37'),(55,12,67,'all','postpost','2021-05-06 11:57:37'),(56,12,31,'all','postpostpostpostpostpostpostpostpostpostpostpostpostpost','2021-05-06 11:57:37'),(57,12,87,'all','postpost','2021-05-06 11:57:37'),(58,1,12,'all','postpostpostpost','2021-05-06 11:57:37'),(59,87,13,'all','postpostpostpostpostpostpostpost','2021-05-06 11:57:37'),(60,87,2,'all','postpostpostpost','2021-05-06 11:57:37'),(61,87,5,'all','postpost','2021-05-06 11:57:37'),(62,87,6,'friends_only','postpostpostpostpostpostpostpostpostpostpostpostpostpostpostpostpostpostpostpostpostpostpostpostpostpostpostpostpostpost','2021-05-06 11:57:37'),(63,76,36,'all','postpost','2021-05-06 11:57:37'),(64,7,36,'all','postpost','2021-05-06 11:57:37'),(65,65,37,'all','postpost','2021-05-06 11:57:37'),(66,54,38,'friends_only','postpostpostpostpostpostpostpostpostpostpostpost','2021-05-06 11:57:37'),(67,12,39,'all','postpost','2021-05-06 11:57:37'),(68,11,31,'friends_only','postpostpostpost','2021-05-06 11:57:37'),(69,12,23,'all','postpost','2021-05-06 11:57:37'),(70,12,24,'all','postpostpostpostpostpostpostpost','2021-05-06 11:57:37'),(71,12,25,'all','postpost','2021-05-06 11:57:37'),(72,12,26,'all','postpostpostpostpostpost','2021-05-06 11:57:37'),(73,12,27,'all','postpost','2021-05-06 11:57:37'),(74,12,35,'all','postpostpostpostpostpost','2021-05-06 11:57:37'),(75,12,13,'friends_and_communities','postpost','2021-05-06 11:57:37'),(76,12,67,'all','postpost','2021-05-06 11:57:37'),(77,12,31,'all','postpostpostpostpostpostpostpostpostpostpostpostpostpost','2021-05-06 11:57:37'),(78,12,45,'all','postpost','2021-05-06 11:57:37'),(79,12,100,'friends_and_communities','postpost','2021-05-06 11:57:37'),(80,12,13,'all','postpost','2021-05-06 11:57:37'),(81,12,87,'all','postpost','2021-05-06 11:57:37'),(82,12,97,'all','tpostpostpostpostpostpostpostpostpostpostpostpostpostpostpostpostpostpostpostpostpostpostpostpost','2021-05-06 11:57:37'),(83,75,99,'all','postpostpostpostpostpost','2021-05-06 11:57:37'),(84,77,91,'friends_and_communities','p3ostpost','2021-05-06 11:57:37'),(85,13,86,'friends_and_communities','postpostpostpostpostpostpostpostpostpostpostpostpostpostpostpostpostpostpostpostpostpostpostpostpostpost','2021-05-06 11:57:37'),(86,14,85,'friends_and_communities','postpost','2021-05-06 11:57:37'),(87,15,101,'friends_and_communities','postpost','2021-05-06 11:57:37'),(88,16,102,'friends_and_communities','postpostpostpostpostpostpostpostpostpostpostpostpostpost','2021-05-06 11:57:37'),(89,16,104,'all','postpostpostpostpostpostpostpostpostpost','2021-05-06 11:57:37'),(90,53,105,'all','postpost','2021-05-06 11:57:37'),(91,86,2,'friends_only','postpostpostpostpostpostpostpostpostpost','2021-05-06 11:57:37');
/*!40000 ALTER TABLE `posts` ENABLE KEYS */;
UNLOCK TABLES;

--
-- Table structure for table `profiles`
--

DROP TABLE IF EXISTS `profiles`;
/*!40101 SET @saved_cs_client     = @@character_set_client */;
/*!50503 SET character_set_client = utf8mb4 */;
CREATE TABLE `profiles` (
  `user_id` int unsigned NOT NULL COMMENT 'Ссылка на пользователя',
  `gender` enum('M','F') COLLATE utf8mb4_unicode_ci DEFAULT NULL,
  `birthday` date DEFAULT NULL COMMENT 'Дата рождения',
  `city` varchar(130) CHARACTER SET utf8mb4 COLLATE utf8mb4_unicode_ci DEFAULT NULL COMMENT 'Город проживания',
  `country` varchar(130) CHARACTER SET utf8mb4 COLLATE utf8mb4_unicode_ci DEFAULT NULL COMMENT 'Страна проживания',
  `created_at` datetime DEFAULT CURRENT_TIMESTAMP COMMENT 'Время создания строки',
  `updated_at` datetime DEFAULT CURRENT_TIMESTAMP ON UPDATE CURRENT_TIMESTAMP COMMENT 'Время обновления строки',
  PRIMARY KEY (`user_id`),
  KEY `profiles_birthdays` (`birthday`),
  KEY `profiles_city` (`city`)
) ENGINE=InnoDB DEFAULT CHARSET=utf8mb4 COLLATE=utf8mb4_unicode_ci COMMENT='Профили';
/*!40101 SET character_set_client = @saved_cs_client */;

--
-- Dumping data for table `profiles`
--

LOCK TABLES `profiles` WRITE;
/*!40000 ALTER TABLE `profiles` DISABLE KEYS */;
INSERT INTO `profiles` VALUES (1,'F','2010-08-31','Rebecashire','8','1983-03-30 07:13:39','2021-04-22 16:33:57'),(2,'M','1979-12-16','East Verdie','703','1978-03-26 03:24:02','2021-04-22 16:33:57'),(3,'F','1994-03-04','Beattyshire','140','2006-12-03 01:08:58','2021-04-22 16:33:57'),(4,'M','1975-04-12','Rhodahaven','8','2001-04-27 03:53:22','2021-04-22 16:33:57'),(5,'M','1993-01-27','Schultzfort','8','2010-02-26 18:56:58','2021-04-22 16:33:57'),(6,'F','2017-06-12','Kulasstad','1469','1971-12-15 07:35:10','2021-04-22 16:33:57'),(7,'F','1994-04-10','South Aubrey','55','1994-03-28 01:31:10','2021-04-22 16:33:57'),(8,'F','2016-03-12','Adellafort','684','2014-12-15 17:37:13','2021-04-22 16:33:57'),(9,'F','2015-10-17','Hammesstad','','1970-10-31 06:27:53','2021-04-22 16:33:57'),(10,'F','1973-01-10','West Kenyon','','1974-07-22 13:01:27','2021-04-22 16:33:57'),(11,'M','2019-04-30','South Adelle','653362925','2002-04-28 14:58:58','2021-04-22 16:33:57'),(12,'F','2019-03-05','Port Luz','41','2005-10-22 15:50:01','2021-04-22 16:33:57'),(13,'M','2017-03-21','North Kearafurt','6','2007-07-03 22:21:52','2021-04-22 16:33:57'),(14,'F','2000-02-02','Medhurstfort','3056','2009-11-06 03:53:03','2021-04-22 16:33:57'),(15,'F','2010-03-30','East Darrion','88315054','1971-02-06 21:19:21','2021-04-22 16:33:57'),(16,'M','1971-08-03','Port Alphonsoburgh','380377','1992-06-10 10:55:53','2021-04-22 16:33:57'),(17,'F','1996-11-06','South Amanda','','2003-09-07 18:29:28','2021-04-22 16:33:57'),(18,'M','2011-10-23','East Paolomouth','9773','1994-01-01 09:46:28','2021-04-22 16:33:57'),(19,'M','1977-12-07','Prohaskaberg','82','1987-10-28 04:47:30','2021-04-22 16:33:57'),(20,'M','1974-12-03','Herminafort','293','2002-01-03 01:25:42','2021-04-22 16:33:57'),(21,'M','1998-02-14','Emeliaberg','638416','1993-03-24 18:15:18','2021-04-22 16:33:57'),(22,'M','1982-10-28','West Palmastad','372950787','2007-11-12 08:46:47','2021-04-22 16:33:57'),(23,'F','1991-09-19','Port Alexane','106592','1982-01-15 11:46:45','2021-04-22 16:33:57'),(24,'F','1975-12-20','Port Pete','1','1998-04-11 00:14:22','2021-04-22 16:33:57'),(25,'M','1970-10-30','East Marge','364823','2021-03-01 07:28:04','2021-04-22 16:33:57'),(26,'M','1997-09-25','Considinehaven','933','2008-12-17 09:45:01','2021-04-22 16:33:57'),(27,'M','2018-03-30','Lake Destinifurt','86579','1979-03-02 17:30:27','2021-04-22 16:33:57'),(28,'F','1982-04-18','Port Faustino','605','1980-10-11 05:39:36','2021-04-22 16:33:57'),(29,'F','1998-09-05','Port Kylie','4730717','1998-06-02 13:25:55','2021-04-22 16:33:57'),(30,'M','2009-11-01','Keltonbury','76964','1991-03-28 10:56:18','2021-04-22 16:33:57'),(31,'F','1997-10-29','New Hayleemouth','7711','1972-02-13 15:23:12','2021-04-22 16:33:57'),(32,'F','1986-01-30','Lake Juvenalchester','5371','2001-03-28 00:26:39','2021-04-22 16:33:57'),(33,'M','2019-12-12','Lake Bradleyborough','55294','1989-10-29 12:17:04','2021-04-22 16:33:57'),(34,'F','2020-06-25','West Rociobury','305770038','2006-07-17 19:02:39','2021-04-22 16:33:57'),(35,'F','1970-06-18','New Bernitamouth','12105193','2017-01-17 17:38:01','2021-04-22 16:33:57'),(36,'M','1982-09-23','Garrettmouth','9456','1976-04-02 06:53:06','2021-04-22 16:33:57'),(37,'M','1986-12-15','Port Dulcemouth','','1982-05-23 11:32:06','2021-04-22 16:33:57'),(38,'F','2017-08-03','Russelfurt','922961137','1993-08-18 08:05:26','2021-04-22 16:33:57'),(39,'F','1997-05-25','Vivianneside','936','2016-11-13 12:58:27','2021-04-22 16:33:57'),(40,'F','1996-06-17','West Antonietta','763967','2020-08-26 03:49:49','2021-04-22 16:33:57'),(41,'F','1977-03-13','Rosinafurt','13975236','2001-10-31 10:18:35','2021-04-22 16:33:57'),(42,'M','2006-05-17','North Jairo','9048516','1973-06-03 08:31:50','2021-04-22 16:33:57'),(43,'F','1983-07-17','East Gabrielshire','968116526','1994-01-25 15:54:33','2021-04-22 16:33:57'),(44,'F','2013-02-15','North Dameonborough','4','1979-01-01 16:12:44','2021-04-22 16:33:57'),(45,'M','2000-01-13','Lyricfurt','688','2013-03-06 04:42:39','2021-04-22 16:33:57'),(46,'M','1978-03-04','Rathberg','49726','1973-03-04 08:03:37','2021-04-22 16:33:57'),(47,'M','1995-11-04','New Amoshaven','27552','2008-05-03 01:29:14','2021-04-22 16:33:57'),(48,'F','1989-03-24','East Yoshiko','26','1996-10-15 12:28:21','2021-04-22 16:33:57'),(49,'M','1975-09-22','Rogahnside','49','1993-12-28 21:37:42','2021-04-22 16:33:57'),(50,'M','1998-09-06','West Aurelio','76500457','1989-11-16 07:42:35','2021-04-22 16:33:57'),(51,'F','1985-07-23','Lake Marionmouth','4','1985-06-24 03:08:16','2021-04-22 16:33:57'),(52,'F','1975-01-14','Port Abbeyberg','819690374','2007-07-19 22:53:56','2021-04-22 16:33:57'),(53,'F','2021-01-31','Rowlandfort','1','1980-07-03 14:04:43','2021-04-22 16:33:57'),(54,'M','2005-01-19','East Lorenzochester','','2017-12-18 06:00:07','2021-04-22 16:33:57'),(55,'M','1986-03-20','East Chloemouth','85160','1985-03-23 06:23:31','2021-04-22 16:33:57'),(56,'F','1989-07-15','Herzogshire','73834177','1998-11-14 22:23:27','2021-04-22 16:33:57'),(57,'F','1972-06-11','Roobside','3806','2018-03-17 17:08:04','2021-04-22 16:33:57'),(58,'M','2020-02-14','South Kaelyn','','2003-03-22 08:31:35','2021-04-22 16:33:57'),(59,'M','1991-03-21','North Dax','','1971-07-14 20:51:57','2021-04-22 16:33:57'),(60,'M','1979-05-10','Nashborough','9','1996-07-07 11:59:51','2021-04-22 16:33:57'),(61,'F','1994-11-06','Nienowhaven','841669906','2012-04-02 09:17:07','2021-04-22 16:33:57'),(62,'M','1996-10-14','West Alvenaville','1','1973-05-29 12:22:04','2021-04-22 16:33:57'),(63,'F','2020-05-13','Lake Dave','63856','2017-06-08 03:50:01','2021-04-22 16:33:57'),(64,'F','2011-12-10','East Isabell','53887655','1983-06-15 20:33:23','2021-04-22 16:33:57'),(65,'F','2014-09-24','Imogeneland','51836185','1974-06-11 00:55:19','2021-04-22 16:33:57'),(66,'M','2006-07-18','East Toyburgh','7','1990-08-06 01:19:03','2021-04-22 16:33:57'),(67,'F','2006-08-15','New Wiltonton','97029402','2018-09-13 13:20:35','2021-04-22 16:33:57'),(68,'M','2004-02-21','North Jaketon','753547284','2005-07-16 01:03:34','2021-04-22 16:33:57'),(69,'M','1973-03-06','Zoeyland','434472','1983-11-07 09:19:36','2021-04-22 16:33:57'),(70,'M','1997-09-06','Hoppeburgh','249029355','1995-04-21 05:03:08','2021-04-22 16:33:57'),(71,'M','2002-10-12','Lake Leopold','586859151','1988-12-11 23:53:43','2021-04-22 16:33:57'),(72,'F','1975-08-15','O\'Harastad','1467','1972-09-24 01:02:08','2021-04-22 16:33:57'),(73,'M','2006-09-21','Estefaniatown','1653','2007-11-21 22:01:17','2021-04-22 16:33:57'),(74,'F','2014-06-17','East Kory','939307','1991-03-12 18:27:13','2021-04-22 16:33:57'),(75,'M','1973-11-15','Eichmannshire','7','2008-06-06 03:32:51','2021-04-22 16:33:57'),(76,'M','2011-08-19','West Mattland','7660487','2004-08-17 15:37:09','2021-04-22 16:33:57'),(77,'M','1993-03-30','New Gretaside','539428','1976-04-11 23:48:30','2021-04-22 16:33:57'),(78,'M','2016-04-29','North Kaley','69503','2019-12-13 19:43:49','2021-04-22 16:33:57'),(79,'F','1984-05-15','Jensenstad','6028878','2015-09-03 16:54:05','2021-04-22 16:33:57'),(80,'M','2007-02-08','South Cyril','585','2001-12-20 00:03:49','2021-04-22 16:33:57'),(81,'F','2001-05-30','Leuschkebury','338245','1972-11-13 23:27:18','2021-04-22 16:33:57'),(82,'M','2006-04-23','West Jedediahborough','3927262','2012-05-08 08:28:20','2021-04-22 16:33:57'),(83,'M','1977-05-21','North Vincent','662841837','2001-10-12 08:07:45','2021-04-22 16:33:57'),(84,'F','2018-07-29','Weimannville','78228','1983-07-13 07:46:53','2021-04-22 16:33:57'),(85,'M','1982-10-01','Port Juliana','9','2015-12-08 18:57:37','2021-04-22 16:33:57'),(86,'F','1977-03-07','East Jayson','516','1992-07-16 00:23:26','2021-04-22 16:33:57'),(87,'F','2016-08-07','Bayermouth','30','1988-02-14 19:25:23','2021-04-22 16:33:57'),(88,'M','1977-02-07','Port Louveniaville','3','2021-03-19 21:50:50','2021-04-22 16:33:57'),(89,'M','1975-02-28','Deannamouth','','2009-08-06 15:09:49','2021-04-22 16:33:57'),(90,'F','1981-05-18','Lake Deshawn','26104','1972-06-18 19:16:23','2021-04-22 16:33:57'),(91,'M','1993-02-28','Milanchester','405346','1986-04-11 06:11:52','2021-04-22 16:33:57'),(92,'M','1974-08-08','South Amparoton','3319','2001-01-10 10:58:56','2021-04-22 16:33:57'),(93,'M','1975-02-03','Heleneborough','21','2013-06-11 12:54:23','2021-04-22 16:33:57'),(94,'M','2020-10-02','New Penelopemouth','28','2007-03-31 04:22:14','2021-04-22 16:33:57'),(95,'F','2006-08-13','Izaiahhaven','8691','1975-08-03 08:00:58','2021-04-22 16:33:57'),(96,'F','1990-01-28','Rutherfordmouth','8347891','1981-10-15 06:12:39','2021-04-22 16:33:57'),(97,'M','1972-08-19','West Miles','980','1971-03-17 20:16:04','2021-04-22 16:33:57'),(98,'F','1985-08-03','North Jeremie','876353646','1984-07-30 06:13:03','2021-04-22 16:33:57'),(99,'M','1994-12-13','Lake Joshuafort','72','1978-11-28 05:49:26','2021-04-22 16:33:57'),(100,'F','2013-12-20','Port Alisontown','81063278','2007-03-26 14:00:59','2021-04-22 16:33:57'),(101,'F','2010-07-19','Connbury','7711764','1994-02-27 03:10:50','2021-04-22 16:33:57'),(102,'F','2008-04-29','Hayleefort','70407894','1990-06-28 06:21:22','2021-04-22 16:33:57'),(103,'M','1991-12-25','Seamushaven','','1996-11-08 01:22:15','2021-04-22 16:33:57'),(104,'F','1999-11-29','West Maximusborough','4923976','2018-04-21 20:39:50','2021-04-22 16:33:57'),(105,'M','2014-07-02','Opalfurt','86','1992-12-28 01:56:33','2021-04-22 16:33:57'),(106,'F','2014-07-29','East Delpha','46436863','1978-03-15 16:16:04','2021-04-22 16:33:57'),(107,'M','2003-07-22','Hamillberg','671','2020-03-29 17:30:18','2021-04-22 16:33:57'),(108,'F','1983-11-10','West Kasandra','6','2010-04-15 13:18:15','2021-04-22 16:33:57'),(109,'F','1993-08-06','Damianmouth','4','1975-03-22 00:03:09','2021-04-22 16:33:57'),(110,'F','2002-09-09','South Delaney','','1992-01-24 09:42:54','2021-04-22 16:33:57');
/*!40000 ALTER TABLE `profiles` ENABLE KEYS */;
UNLOCK TABLES;

--
-- Table structure for table `users`
--

DROP TABLE IF EXISTS `users`;
/*!40101 SET @saved_cs_client     = @@character_set_client */;
/*!50503 SET character_set_client = utf8mb4 */;
CREATE TABLE `users` (
  `id` int unsigned NOT NULL AUTO_INCREMENT COMMENT 'Идентификатор строки',
  `first_name` varchar(100) CHARACTER SET utf8mb4 COLLATE utf8mb4_unicode_ci NOT NULL COMMENT 'Имя пользователя',
  `last_name` varchar(100) CHARACTER SET utf8mb4 COLLATE utf8mb4_unicode_ci NOT NULL COMMENT 'Фамилия пользователя',
  `email` varchar(100) CHARACTER SET utf8mb4 COLLATE utf8mb4_unicode_ci NOT NULL COMMENT 'Почта',
  `phone` varchar(100) CHARACTER SET utf8mb4 COLLATE utf8mb4_unicode_ci NOT NULL COMMENT 'Телефон',
  `created_at` datetime DEFAULT CURRENT_TIMESTAMP COMMENT 'Время создания строки',
  `updated_at` datetime DEFAULT CURRENT_TIMESTAMP ON UPDATE CURRENT_TIMESTAMP COMMENT 'Время обновления строки',
  PRIMARY KEY (`id`),
  UNIQUE KEY `email` (`email`),
  UNIQUE KEY `phone` (`phone`),
  UNIQUE KEY `users_email_uq` (`email`),
  KEY `users_first_name_last_name_idx` (`first_name`,`last_name`)
) ENGINE=InnoDB AUTO_INCREMENT=111 DEFAULT CHARSET=utf8mb4 COLLATE=utf8mb4_unicode_ci COMMENT='Пользователи';
/*!40101 SET character_set_client = @saved_cs_client */;

--
-- Dumping data for table `users`
--

LOCK TABLES `users` WRITE;
/*!40000 ALTER TABLE `users` DISABLE KEYS */;
INSERT INTO `users` VALUES (1,'Grace','Skiles','donnelly.ralph@example.com','530-410-9882x80239','1986-09-18 20:15:20','2021-04-22 16:29:58'),(2,'Lawrence','Cummings','bschimmel@example.com','(760)901-4242','1974-12-22 09:12:28','2020-06-23 04:31:44'),(3,'Lauryn','Grady','rowe.jay@example.com','+43(3)8057560495','1987-07-17 16:27:24','1987-08-21 15:06:55'),(4,'Josue','Ruecker','kamren39@example.net','1-525-518-4665x9826','2014-01-02 10:36:20','2021-04-22 16:29:58'),(5,'Tamara','Walter','geovanny62@example.org','06737625890','1986-04-05 14:46:39','2015-10-21 09:32:49'),(6,'Kathleen','Cole','wiza.jovani@example.com','679.634.9215x43323','1992-12-29 08:32:53','2021-04-22 16:29:58'),(7,'Magdalena','Senger','walter.madelyn@example.org','409.683.3534','2020-02-27 12:05:45','2021-04-22 16:29:58'),(8,'Maryjane','Feeney','ruby.dicki@example.com','806.701.7985x7300','2000-01-15 05:05:09','2014-12-23 08:42:47'),(9,'Watson','Rutherford','goldner.kaylee@example.net','02994241557','2004-10-31 20:12:58','2017-12-02 19:31:00'),(10,'Brant','Fay','eryn.von@example.net','239.078.9620','1971-06-30 02:27:02','1981-03-21 10:26:14'),(11,'Immanuel','Stokes','grant.lockman@example.org','609.932.4170x4023','2004-11-15 08:42:28','2021-04-22 16:29:58'),(12,'Lindsey','Gottlieb','lolita90@example.org','1-234-414-9063','2001-12-02 09:09:41','2021-04-22 16:29:58'),(13,'Phyllis','Rodriguez','purdy.hertha@example.com','313.567.9296x8028','2013-04-06 04:44:08','2021-04-22 16:29:58'),(14,'Elyse','Wuckert','sydni54@example.com','723.359.8891','1993-04-12 16:29:48','2020-04-17 08:41:54'),(15,'Erin','Denesik','wbailey@example.com','916-858-3192','2007-06-15 22:08:23','2020-05-05 09:16:16'),(16,'Marques','Hilll','friesen.meghan@example.net','930-781-1483','2009-01-26 02:35:09','2021-04-22 16:29:58'),(17,'Richie','Hudson','mireille86@example.net','1-613-615-9325','2010-02-15 11:41:54','2021-04-22 16:29:58'),(18,'Alayna','Fisher','janie.zieme@example.net','1-652-349-2638x76036','1992-03-28 08:52:33','2007-10-17 02:51:28'),(19,'Ada','Swaniawski','csmith@example.net','430.455.6742','1992-07-20 09:49:42','2021-04-22 16:29:58'),(20,'Jaylin','Adams','kip.beer@example.com','486-745-8165','1985-10-03 15:21:17','1986-03-09 03:21:31'),(21,'Jamie','VonRueden','greyson38@example.org','+91(4)3951111719','1985-12-02 23:44:56','1991-12-28 00:00:50'),(22,'Kamron','Schneider','hagenes.danny@example.com','(985)173-9578x6182','1978-08-19 04:56:34','2004-06-08 10:40:24'),(23,'Michelle','Dare','perry09@example.com','1-361-549-9887x419','2000-02-19 23:47:56','2021-04-22 16:29:58'),(24,'Bailee','Satterfield','mohamed.towne@example.com','(583)393-3456x9618','1999-12-04 01:28:25','2021-04-22 16:29:58'),(25,'Jade','Lind','alyson.nikolaus@example.com','107-134-8702x37736','2000-11-04 18:34:23','2006-12-19 23:26:37'),(26,'Solon','Bergnaum','rstracke@example.com','1-823-492-3780','1989-07-08 02:22:33','2019-12-18 00:52:38'),(27,'Maritza','Lang','grimes.dereck@example.com','+68(3)2503829175','2000-05-11 23:24:50','2012-05-29 19:45:06'),(28,'Hardy','Lowe','jerrold28@example.com','(488)360-0922','2003-10-25 13:37:42','2021-04-22 16:29:58'),(29,'Ewell','Gleason','bertrand.dietrich@example.net','964-840-4767x21181','2019-12-15 19:46:18','2021-04-22 16:29:58'),(30,'Golda','Mohr','hodkiewicz.providenci@example.net','189-435-7838x854','1979-08-31 21:36:33','2021-04-22 16:29:58'),(31,'Leta','Dare','izabella.langworth@example.org','827.598.1396x3416','1999-05-30 22:47:29','2021-04-22 16:29:58'),(32,'Curt','Cormier','prosacco.camila@example.org','110.176.2563','2019-05-30 22:00:36','2021-04-22 16:29:58'),(33,'Connor','Hammes','triston54@example.org','+94(7)7680782266','1974-10-20 09:18:42','1980-08-09 01:42:30'),(34,'Burnice','Kreiger','mitchell.nya@example.com','508.527.3137x08874','2003-07-01 05:02:55','2016-09-26 16:42:52'),(35,'Furman','Rolfson','nschaden@example.com','1-514-509-1117','2017-06-11 17:14:29','2021-04-22 16:29:58'),(36,'Braulio','Hayes','daren.walsh@example.net','1-183-276-8629','2003-09-13 08:17:30','2013-12-11 18:17:22'),(37,'Amira','Breitenberg','gutkowski.amari@example.net','(883)257-6580','1993-10-19 16:40:14','2021-04-22 16:29:58'),(38,'Gina','Buckridge','wcruickshank@example.org','(345)450-7881x25557','1988-01-05 09:39:02','1997-07-22 10:48:42'),(39,'Ilene','Paucek','daryl15@example.com','517.087.7130','2000-12-24 19:11:41','2002-08-12 16:13:22'),(40,'Hayley','O\'Hara','pjaskolski@example.org','05148772418','1990-02-07 06:20:28','1995-10-23 18:12:00'),(41,'Gustave','Cummings','schuppe.zackary@example.com','1-005-155-8720x66134','1992-02-17 06:50:08','2021-04-22 16:29:58'),(42,'Abagail','Hagenes','ericka.bode@example.com','08712343621','2020-08-22 22:08:25','2021-04-22 16:29:58'),(43,'Jacky','Waters','wmcglynn@example.net','01841110989','1979-08-24 22:56:21','1993-01-13 18:18:30'),(44,'Arvid','Metz','elizabeth08@example.com','(235)491-5066','1986-06-07 22:37:03','2021-01-09 01:26:59'),(45,'Nathanial','Collins','noemie76@example.net','847-580-4996x00406','1972-08-01 23:13:42','2016-01-02 20:36:19'),(46,'Ardella','Bednar','tremblay.zella@example.net','(208)769-5559x391','2020-12-19 18:24:47','2021-04-22 16:29:58'),(47,'Jesse','Gulgowski','balistreri.bennett@example.net','1-168-215-6535x3030','1992-05-25 10:14:15','2017-05-13 19:13:17'),(48,'Bert','Hoppe','emmalee.willms@example.org','617-464-8270x08069','1983-04-07 12:51:40','1994-04-08 18:03:00'),(49,'Nikko','Heaney','bbernier@example.net','772-964-4443x150','2015-07-04 04:39:23','2021-04-22 16:29:58'),(50,'Daniela','Price','sigurd.kautzer@example.com','+54(3)7670987798','2007-11-22 09:56:08','2021-04-22 16:29:58'),(51,'Delores','Hudson','xgoldner@example.com','08061789153','1978-07-20 16:28:05','2019-01-25 08:46:16'),(52,'Zackary','Stroman','kasey45@example.net','788-169-5463','1975-01-16 05:52:13','2021-04-22 16:29:58'),(53,'River','Williamson','elwin.runolfsson@example.com','1-468-124-5086','1977-11-23 05:23:03','1992-11-17 20:11:13'),(54,'Gwendolyn','White','mayer.beryl@example.com','(438)969-3346','1999-08-22 07:37:41','2001-02-04 12:12:35'),(55,'Jesse','Abshire','guy.hamill@example.net','05419118765','1977-01-01 01:52:57','1977-06-02 04:33:53'),(56,'Kara','Little','ugutmann@example.org','(765)459-4281','1994-11-29 22:04:50','2021-04-22 16:29:58'),(57,'Lincoln','McDermott','unitzsche@example.org','073-248-5772x0720','2008-05-23 11:03:54','2013-05-25 15:29:47'),(58,'Natasha','Murphy','miller.maria@example.com','540-948-4252x4253','1982-11-17 03:54:19','2021-01-12 08:25:01'),(59,'Shanna','Christiansen','turner.amely@example.com','658-747-2940x3876','1990-04-05 19:17:30','1993-04-14 13:40:15'),(60,'Ervin','Heathcote','roy90@example.com','+20(7)1425204503','1994-09-20 04:53:35','2021-01-06 21:58:24'),(61,'Genesis','McKenzie','angus83@example.org','392.204.8904','1993-07-22 09:53:22','1994-01-10 00:06:35'),(62,'Julianne','Kuhic','uratke@example.net','1-098-313-7868x7246','2011-06-13 05:08:04','2021-04-22 16:29:58'),(63,'Elissa','Batz','trempel@example.org','(333)421-1194x944','1974-04-02 07:25:11','2021-04-22 16:29:58'),(64,'Kailee','Wolff','gleichner.shaun@example.com','471-249-4413','2012-11-05 12:51:55','2021-04-22 16:29:58'),(65,'Nasir','Ullrich','jay.erdman@example.net','(331)855-0409','2015-04-21 13:42:41','2021-04-22 16:29:58'),(66,'Lynn','Grady','fbashirian@example.org','052.593.4714','2019-10-28 11:46:08','2021-04-22 16:29:58'),(67,'Rebeca','Jacobson','fabian.bins@example.org','(001)655-5483x316','1993-11-17 02:05:11','2009-09-08 10:54:58'),(68,'Kendra','Murray','ebernhard@example.com','954-267-3047','1974-09-11 22:54:30','2009-01-12 07:15:31'),(69,'Chasity','Hermann','mckayla08@example.org','+09(7)1375138597','1994-10-03 11:42:00','2021-04-22 16:29:58'),(70,'Colleen','Gislason','gpollich@example.org','1-140-860-7317x9940','1988-04-17 21:16:32','2021-04-22 16:29:58'),(71,'Lucie','Haag','mrippin@example.net','(498)040-0118','1995-06-03 10:10:41','2021-04-22 16:29:58'),(72,'Rhea','Graham','watsica.joesph@example.com','532.634.1820x957','1996-01-10 09:02:00','2021-04-22 16:29:58'),(73,'Dina','Schulist','mwiegand@example.com','918.063.7153x468','2002-01-30 07:17:59','2004-04-20 10:44:20'),(74,'Ali','Lynch','kris.sallie@example.org','(353)468-4348x6566','1976-12-03 20:19:10','2007-05-18 12:05:42'),(75,'Lelia','Gulgowski','blick.garrett@example.org','(667)956-9423x96134','1989-08-02 08:42:59','2010-06-30 20:06:51'),(76,'Jacques','Parker','griffin.haley@example.com','194.747.5220','1999-09-23 04:30:29','2000-08-31 22:29:14'),(77,'Lillie','Rippin','uo\'hara@example.org','426.199.4464x307','1982-05-28 12:17:53','2011-11-30 14:30:22'),(78,'Ole','Langosh','tkunze@example.net','538-039-9111','1998-03-06 08:44:24','2004-01-03 09:41:59'),(79,'Madisyn','Dickinson','lauretta.leannon@example.org','(581)767-1666x937','1994-11-05 10:11:27','2021-04-22 16:29:58'),(80,'Arturo','Monahan','albert.yundt@example.com','1-921-677-3556x660','2013-07-13 02:42:03','2021-04-22 16:29:58'),(81,'Wilhelmine','Schroeder','klocko.heather@example.org','1-202-231-2722x449','1981-06-13 11:12:46','1996-12-12 16:09:55'),(82,'Makenzie','Nader','russ75@example.com','(037)418-1376x4992','1971-07-16 07:13:34','1994-12-28 12:59:29'),(83,'Anabel','Volkman','kayley52@example.org','1-733-374-2771x62086','1975-04-13 02:23:23','1997-01-13 16:11:55'),(84,'Devin','Gottlieb','bkertzmann@example.com','+72(2)3910451791','2001-09-04 22:14:43','2021-04-22 16:29:58'),(85,'Monserrat','Wilkinson','melba95@example.org','1-859-630-6080x649','2003-09-10 19:29:33','2021-04-22 16:29:58'),(86,'June','Haag','bogisich.bria@example.net','02359997781','1978-09-18 09:42:27','2016-05-13 16:23:02'),(87,'Alvena','Roob','nhermann@example.org','(325)619-1962x8338','1978-07-15 03:56:13','1994-12-14 09:21:29'),(88,'Janiya','Rau','cassandre13@example.org','06196954656','2016-05-01 10:35:36','2021-04-22 16:29:58'),(89,'Otilia','Pacocha','kayden27@example.org','1-952-082-0128','2013-01-01 16:57:18','2021-04-22 16:29:58'),(90,'Dayana','Willms','thudson@example.org','04219170694','2020-04-22 22:04:10','2021-04-22 16:29:58'),(91,'Jermey','Schimmel','okuneva.ewell@example.com','(883)897-0259x4845','1997-11-06 23:30:05','2004-12-15 05:52:29'),(92,'Janice','Feeney','madie.ferry@example.net','934.538.1689x69161','1991-11-02 15:12:31','2021-04-22 16:29:58'),(93,'Sophie','Halvorson','owatsica@example.net','396-534-4504x99319','1995-01-19 13:23:35','2018-12-05 02:11:36'),(94,'Theresa','Bradtke','carole.smith@example.com','(564)099-2506','2005-10-11 23:25:43','2021-04-22 16:29:58'),(95,'Gretchen','Jenkins','connelly.nicholaus@example.net','08084234123','1992-07-31 08:45:40','2021-04-22 16:29:58'),(96,'Hudson','Rolfson','audra.konopelski@example.com','025.422.0879x1474','2005-02-06 14:29:36','2021-04-22 16:29:58'),(97,'Jamey','Schaden','adela44@example.org','1-423-380-4659x65374','2018-07-19 03:21:45','2021-04-22 16:29:58'),(98,'Shannon','Cummings','ykertzmann@example.org','(737)161-6161','2001-03-29 14:58:18','2021-04-22 16:29:58'),(99,'Barrett','Reichert','bulah26@example.com','(964)764-2195','2014-11-19 20:23:28','2021-04-22 16:29:58'),(100,'Ward','Kessler','benjamin93@example.com','(161)180-8290x737','1970-07-09 13:51:14','2013-02-21 19:36:09'),(101,'Rickey','Sauer','cblick@example.net','360.843.2411x2127','2012-02-14 09:30:05','2021-04-22 16:29:58'),(102,'Carley','Gaylord','ldaniel@example.org','501.305.0100x3656','2007-09-23 05:13:49','2021-04-22 16:29:58'),(103,'Mckenna','Rogahn','keara69@example.org','176.553.3173','1984-09-11 23:06:22','2021-04-22 16:29:58'),(104,'Darlene','Collier','lee.schimmel@example.com','164-193-3658x260','1997-07-12 20:47:22','2021-04-22 16:29:58'),(105,'Modesto','Runolfsdottir','howell.myrtice@example.net','746-572-6876','1993-12-06 21:34:10','2021-04-22 16:29:58'),(106,'Virgie','Ortiz','emile20@example.org','+47(3)0096489708','1983-09-30 15:09:07','1998-04-17 18:40:59'),(107,'Jaqueline','Hauck','sonny.hintz@example.com','(726)839-1216x918','1998-07-13 01:14:40','2002-07-14 15:40:47'),(108,'Mateo','Rutherford','bmarks@example.org','(780)354-8342x54626','2020-10-14 12:27:50','2021-04-22 16:29:58'),(109,'Garrick','Legros','bonita.labadie@example.net','(847)120-4452x65746','1981-07-05 06:18:08','2021-04-22 16:29:58'),(110,'Jewel','Veum','hkub@example.org','200-275-7676x113','2012-08-29 19:45:27','2021-04-22 16:29:58');
/*!40000 ALTER TABLE `users` ENABLE KEYS */;
UNLOCK TABLES;
/*!40103 SET TIME_ZONE=@OLD_TIME_ZONE */;

/*!40101 SET SQL_MODE=@OLD_SQL_MODE */;
/*!40014 SET FOREIGN_KEY_CHECKS=@OLD_FOREIGN_KEY_CHECKS */;
/*!40014 SET UNIQUE_CHECKS=@OLD_UNIQUE_CHECKS */;
/*!40101 SET CHARACTER_SET_CLIENT=@OLD_CHARACTER_SET_CLIENT */;
/*!40101 SET CHARACTER_SET_RESULTS=@OLD_CHARACTER_SET_RESULTS */;
/*!40101 SET COLLATION_CONNECTION=@OLD_COLLATION_CONNECTION */;
/*!40111 SET SQL_NOTES=@OLD_SQL_NOTES */;

-- Dump completed on 2021-05-13  7:18:10
